rssi_dbm,snr_db,channel_width_mhz,band,quality
-55.03285846988767,20.273752075179328,80,0,Good
-61.38264301171185,23.988369304991377,40,1,Good
-53.52311461899308,19.45306055300027,20,0,Fair
-44.76970143591975,22.844269292526718,40,1,Good
-62.341533747233356,11.7446973313235,20,1,Fair
-62.3413695694918,26.49305595161057,20,1,Good
-44.20787184492609,25.00843832753557,40,2,Good
-52.32565270847091,19.280379582522666,80,2,Fair
-64.69474385934951,29.614719679026834,20,1,Good
-54.57439956414035,31.562990963385907,80,0,Excellent
-64.63417692812462,13.747080949417182,40,0,Fair
-64.65729753570257,19.6609265500365,20,2,Fair
-57.58037728433966,19.616003551488912,40,1,Fair
-79.13280244657798,18.420678292237948,80,0,Poor
-77.24917832513033,30.80632389352224,40,1,Poor
-65.62287529240973,23.643217028590374,40,0,Fair
-70.12831120334424,23.148396110825725,20,2,Fair
-56.857526674047264,10.972963449152726,40,1,Fair
-69.08024075521212,29.447926211464583,40,1,Fair
-74.12303701335291,16.32519123602569,40,0,Fair
-45.34351231078446,25.4195284118643,20,0,Good
-62.25776300486535,26.941638565707343,80,0,Good
-59.32471795312076,34.52461017087056,80,1,Good
-74.24748186213456,15.838257206166215,40,2,Fair
-65.44382724525182,3.8634149092542227,20,2,Poor
-58.89077410290134,26.286946813275865,40,0,Good
-71.50993577422302,37.60357827057597,80,2,Fair
-56.24301981654328,33.67262447057606,20,0,Good
-66.00638689918804,26.46761590692238,80,2,Fair
-62.916937497932764,21.55854670057567,80,1,Good
-66.01706612229397,30.649858176461173,20,0,Fair
-41.477218154910624,18.18517660206872,20,2,Fair
-60.13497224737934,28.334504385493535,40,1,Good
-70.577109289559,28.538291114166388,40,2,Fair
-51.77455087896811,32.42146935249216,80,1,Excellent
-72.20843649971022,44.317620272377546,20,1,Fair
-57.91136404995245,27.74691177025137,20,2,Good
-79.59670123879775,21.437254620047508,40,2,Poor
-73.28186048898431,24.820979814656038,80,1,Fair
-58.03138764130877,12.616468665776171,80,1,Fair
-52.61533420004589,20.137008082376592,40,1,Good
-58.2863171881003,22.135022933208273,20,0,Good
-61.156482823882406,21.331381214457853,40,1,Good
-63.01103695589289,26.066484104236054,40,0,Good
-74.78521990367427,19.243060473324597,40,1,Fair
-67.19844208394709,32.8472146712713,40,0,Fair
-64.60638770959787,25.00144945442738,20,1,Good
-49.42877773781084,24.934897752029617,40,1,Good
-56.56381710431538,22.704736984409575,20,1,Good
-77.63040155362734,26.086334787012856,40,2,Poor
-56.75916030605205,30.775687852673443,80,2,Good
-63.850822804163165,18.9300884900237,20,1,Fair
-66.76922000305959,20.393184576473203,80,0,Fair
-53.88323711159132,22.873917798563348,40,0,Good
-49.69000477504049,15.578903535687495,40,1,Fair
-50.68719880883801,19.265194981949517,40,2,Fair
-68.39217523222638,21.666453885187387,20,0,Fair
-63.092123758512145,31.12072426498909,80,2,Good
-56.68736568596436,26.83792930301348,20,0,Good
-50.24454872877641,26.355129379572812,20,1,Good
-64.7917423784529,30.956285735175804,40,2,Good
-61.85658976663817,24.038397481204225,80,0,Good
-71.06334974006029,27.733253949502227,40,1,Fair
-71.9620662408067,24.277447729472527,20,1,Fair
-51.874741776058016,26.8575364457974,40,1,Good
-46.43759971429177,20.920689396718924,80,2,Good
-60.72010121580334,7.928279892064996,40,2,Poor
-49.96467102107976,24.06004586469587,80,1,Good
-56.38363974952366,34.959236952699584,80,2,Good
-66.45119754605125,31.483507815691144,40,0,Fair
-56.38604394491586,31.757782392138196,20,1,Good
-44.61963433534031,33.65291505264352,40,1,Excellent
-60.35826039109951,25.620603136730065,20,2,Good
-44.35356344185994,26.38120995183917,20,1,Good
-86.19745104089745,20.676436731959548,40,0,Poor
-51.78097495624776,22.78749000781065,20,2,Good
-59.129529317618285,29.310398048397992,20,2,Good
-62.99007350465868,33.42719106018171,40,1,Good
-59.08239223464498,24.023876070233005,40,1,Good
-79.87568914600892,21.84867514604012,40,1,Poor
-62.19671887837512,25.00369571199618,20,2,Good
-56.42887428488254,29.208447242503805,80,1,Good
-45.22105955258484,14.893016287065207,20,0,Fair
-65.18270218273648,8.926733328039333,80,1,Poor
-68.08493602893188,21.146242053558915,40,1,Fair
-65.01757043584537,16.45501301860089,80,2,Fair
-50.84597882297926,21.443018616468823,40,1,Good
-56.712488903403155,23.9655377682777,40,2,Good
-65.29760203767039,21.827261136838906,80,1,Fair
-54.86732566886644,35.16727274129522,40,0,Excellent
-59.0292245065196,27.28721335221624,80,0,Good
-50.31355009467111,27.103320517275797,40,2,Good
-67.02053093877352,29.355450008303812,20,2,Fair
-63.276621465977684,17.028168175534617,20,1,Fair
-63.921081531321576,32.27378251194188,40,1,Good
-74.63514948132118,24.469649994251782,40,0,Fair
-57.03879722935424,29.693364320688488,80,1,Good
-57.389447278201104,17.49699936871891,20,0,Fair
-59.94886543357539,14.12368863788755,80,2,Fair
-62.345871333751475,30.7252276061752,40,1,Good
-74.15370742050415,27.634866682682617,40,2,Fair
-64.2064532276536,18.685639119497427,80,1,Fair
-63.427145165267696,18.912358431077138,40,0,Fair
-68.0227726922162,32.87804349090339,20,2,Fair
-61.612857116660095,16.674116749928704,80,2,Fair
-55.959491431854616,36.498710672791745,20,1,Good
-41.1381409878947,18.69565485746492,20,2,Fair
-58.25422187168161,29.46874347925868,20,0,Good
-57.42449609277236,22.699670669757108,80,2,Good
-60.74445915766167,29.222312017576403,40,2,Good
-79.18771215299041,21.191201985200653,20,1,Poor
-60.26513875449217,23.86044965749394,20,2,Good
-59.39769790058973,25.286434227770048,20,1,Good
-35.36757887514714,17.984687809529692,40,1,Fair
-61.923609647811226,30.18577041794088,40,2,Good
-56.984526576663875,21.407505034698904,80,0,Good
-60.34711769705243,23.39980059261987,40,1,Good
-71.68678037619532,18.039554377740416,80,2,Fair
-48.57177185484979,7.0636643884328265,80,1,Poor
-52.48066967313226,23.662805661798817,80,0,Good
-52.089680529569534,41.888307951290415,80,0,Excellent
-69.0938745479474,30.492230015286168,80,1,Fair
-45.97205689063901,24.865177341859237,20,0,Good
-74.01851062792281,23.159764195542127,40,2,Fair
-54.131429061997295,25.157261249684325,20,2,Good
-38.09544374190021,28.82983380622647,80,1,Good
-69.90536325130688,16.734310292838085,40,0,Fair
-65.66297729602772,32.8002518626821,20,2,Fair
-59.00348634912359,30.007669208088707,20,2,Good
-65.034756541162,30.02730007995554,80,2,Fair
-75.50663431066133,28.069330171668092,20,1,Poor
-59.31437025193973,25.13731660385793,20,1,Good
-70.62303713726105,29.710028651767736,20,2,Fair
-55.26407569364818,29.142698936189646,20,2,Good
-69.19424234233803,22.521715023412835,20,0,Fair
-44.500655949824605,20.984787589721694,80,0,Good
-67.83253292336236,25.712994066833907,80,0,Fair
-63.22061516205675,35.84314106046631,20,1,Good
-51.864827826303305,16.326250470422693,80,2,Fair
-72.30864316433956,14.72732313973292,80,1,Fair
-57.72540065395871,26.153325888655615,40,2,Good
-46.92857245717572,25.356213912992125,20,0,Good
-76.07483234561228,26.213391650592857,80,0,Poor
-58.15366141467696,26.7076723853595,80,0,Good
-57.401172057515765,23.437584217556363,20,0,Good
-52.1817712822269,35.42904407021457,40,2,Excellent
-72.36950710878082,13.793672150664392,20,0,Fair
-73.20456613084276,19.200520826538277,40,2,Fair
-54.78058434383102,24.27721667895667,20,2,Good
-57.03015326766814,13.49767832192083,20,1,Fair
-57.495071496541236,23.7690191689755,20,0,Good
-56.53551790503024,36.63029116009613,20,0,Good
-66.8002472157849,25.146205418071734,40,1,Fair
-57.677463028389965,26.614906340030785,40,2,Good
-57.06927526701319,16.17884664379194,80,0,Fair
-67.14351418026368,20.68547014372366,20,2,Fair
-41.34225488855243,22.37362533773244,40,1,Good
-55.26167079088212,22.77599432270636,40,2,Good
-71.91303497202648,33.97150656502638,40,0,Fair
-53.4344639136617,28.90383742507587,20,2,Good
-69.74681670227321,17.219794301440775,80,2,Fair
-52.12915396257548,26.725533449024034,40,0,Good
-48.41404420992596,28.487552239477495,20,0,Good
-68.2068231835171,32.981043269648865,40,2,Fair
-50.36623870755678,36.063784805978614,40,2,Excellent
-55.87219073063502,17.89434065720492,80,1,Fair
-51.7793984000551,19.323997421527633,40,0,Fair
-41.032070173460525,16.196954987597685,40,2,Fair
-62.45388116002871,23.36186098625113,20,0,Good
-67.5373616435749,28.26450862112434,20,1,Fair
-68.89514429625524,31.911341616123714,80,2,Fair
-68.15810284965438,24.46834283450234,20,2,Fair
-60.771017094141044,22.761067337216094,20,2,Good
-56.588480251833566,26.062305945741183,80,0,Good
-57.233092006699806,19.15399968858984,40,1,Fair
-51.72816750963976,39.626771051863415,80,0,Excellent
-59.86998108122093,13.74637281017359,20,2,Fair
-45.46465922842683,26.29318405227007,80,1,Good
-62.64656833237956,39.16524353460748,40,2,Good
-32.79830833410381,25.047598911919984,80,2,Good
-53.74332652234994,23.66972675498954,20,0,Good
-68.57157556416283,22.49788204032701,20,2,Fair
-70.70892498061113,23.737258227663144,80,1,Fair
-55.175275847568145,34.60993932273571,40,2,Good
-62.23462785325851,9.516966620693452,80,2,Poor
-52.85999505907908,35.73403590907428,40,0,Excellent
-55.26762375426455,15.032299932848984,40,1,Fair
-60.728289126568725,23.133433695359095,80,0,Good
-68.46793718068405,21.995289057909368,40,2,Fair
-75.14847224685865,29.119872888395037,20,0,Poor
-64.46514952067021,13.813129536813767,80,0,Fair
-51.43601205676528,28.2352086625736,40,0,Good
-57.85906255869796,39.17016736300797,20,0,Good
-72.45738778711988,15.457781967850327,80,2,Fair
-58.26819074148818,26.327943173272768,20,2,Good
-56.14682620271163,20.366124755423737,20,1,Good
-68.83857436201133,27.98121044335125,20,0,Fair
-58.46274894054472,25.134034441910263,40,0,Good
-59.41791281554,20.509591636689834,80,1,Good
-71.42970297830622,28.41510599409752,80,0,Fair
-56.422126396517164,37.6304367685072,40,1,Good
-54.39215473631766,23.66367345790891,80,2,Good
-49.16948756824723,30.038305595037272,20,1,Excellent
-49.46197947965097,15.947089294901854,80,0,Fair
-73.77669367957091,18.304945362273937,40,1,Fair
-69.37825039915123,28.30684394516264,20,2,Fair
-54.8496473279134,35.388812199751754,40,0,Excellent
-54.86214049087791,27.48929344149962,20,2,Good
-54.849523136939524,22.80859378633792,20,2,Good
-21.472685093452792,24.99503983796348,80,1,Good
-54.29109489306833,16.247145862211976,20,2,Fair
-48.64434359819401,29.231607284487566,40,0,Good
-50.45998236506798,31.176331436263865,80,2,Excellent
-53.48608748694202,21.835367670168438,40,2,Good
-63.15269244640346,21.70970496568349,20,1,Good
-52.410307795067325,26.86114760756434,40,2,Good
-67.72825214537572,21.942961847715832,40,1,Fair
-62.36818606740009,24.537071697619243,20,1,Good
-64.85363547829104,39.69805252416561,80,0,Good
-59.18125860613677,23.270820094778024,40,0,Good
-36.853414333264915,22.491618935851445,20,0,Good
-78.67265192591748,20.467207360553886,80,0,Poor
-53.13739809625486,30.209343800499557,80,1,Excellent
-76.12715871189651,23.73143078747328,80,2,Poor
-64.71931865789433,20.45438873175002,40,0,Good
-49.110494030326336,34.249128225911086,40,0,Excellent
-59.35719980904537,34.93722103159546,40,0,Good
-70.77744777929306,20.797035039829066,80,2,Fair
-67.15303709259969,11.934220340475687,40,0,Fair
-53.20402251065324,32.05259582885846,20,2,Excellent
-67.30366631717136,20.207591219679973,40,1,Fair
-57.83541410418025,30.53437919413938,40,1,Good
-59.54428160096186,11.20927327601715,80,1,Fair
-66.51600347605817,31.248181368095164,40,2,Fair
-38.560559106746744,16.521796495034533,20,0,Fair
-53.66080977681989,30.11534883346567,80,0,Excellent
-80.25142586657607,25.099911474855038,20,0,Poor
-58.13545685230572,18.322424064223487,80,0,Fair
-66.61786464768387,22.150745809512536,80,0,Fair
-51.47566665203776,29.804229198696905,40,2,Good
-67.92520738432701,25.74126117180664,20,1,Fair
-61.14736441466899,29.09089086330739,80,0,Good
-54.950127210195426,38.8350840916084,40,1,Excellent
-51.342448058298785,14.05030871802264,80,2,Fair
-72.00296407055777,36.32048802478037,80,2,Fair
-63.345012358409484,25.73049156266249,80,0,Good
-64.74945311160957,18.708511661738104,80,2,Fair
-66.53329232573712,15.687804619827071,80,1,Fair
-42.34545759718903,23.676157264560764,80,0,Good
-55.950182890390444,31.451550783471216,40,0,Good
-72.60883954335046,24.10715615735726,80,1,Fair
-50.82138052945224,35.57808451173143,20,0,Excellent
-38.77843802987367,14.841770169639087,40,0,Fair
-49.67534739448853,24.915377365077617,20,1,Good
-75.19369965954013,16.233245889108165,80,0,Poor
-64.84234072866252,27.545423178374776,20,0,Good
-47.330888508133775,31.208211730681104,80,1,Excellent
-67.07669465618781,22.054667444232628,80,2,Fair
-55.56180571853771,6.77050300361006,40,1,Poor
-52.25365946570663,26.39263702757546,40,0,Good
-69.26930471578083,28.057169862134565,80,1,Fair
-60.595253560618,27.83006328473188,40,0,Good
-92.41267340069072,33.65047534275508,20,0,Poor
-70.2438764133429,17.50262424245666,40,1,Fair
-62.5256815139316,29.761512738153147,40,0,Good
-72.4778318196485,33.347552587345824,20,2,Fair
-43.67588696068365,12.549886911954381,40,0,Fair
-74.30141377960632,27.23756278143284,80,1,Fair
-64.40044486696983,21.4707411829463,20,2,Good
-58.69259422713909,24.42934128828848,80,2,Good
-45.587267109338846,27.433735384768354,20,0,Good
-74.3586215117944,21.589400051205132,80,1,Fair
-48.36836247845041,20.27004344586872,80,0,Good
-59.89766938980413,25.23906692241617,40,0,Good
-69.8150865104795,17.389278427960384,80,1,Fair
-55.37896525736729,17.399224097803703,40,1,Fair
-58.0094030442653,29.755612980695524,20,0,Good
-66.00216877158795,16.958441753889407,80,2,Fair
-59.30197915009981,29.664187506364485,80,0,Good
-63.8531359686176,28.238139049977658,20,2,Good
-58.86482654748752,12.919352898465823,20,0,Fair
-53.37869325478954,20.257047433650413,80,1,Good
-44.13983183854648,33.35876582133161,20,2,Excellent
-72.37815498826849,18.13184128202223,40,1,Fair
-38.669666253437335,21.749170163834286,20,1,Good
-79.52087799522502,28.234426252763274,20,1,Poor
-61.517850950355836,30.483733564978166,80,1,Good
-54.11682793515424,23.23922779768853,40,1,Good
-57.190081322649675,20.81742863715851,20,0,Good
-66.22699519820594,34.95658903188956,40,2,Fair
-62.081222503572754,37.172297646583054,40,0,Good
-64.93000934658834,31.852006355472568,40,0,Good
-65.89364756944212,25.59722699795517,80,0,Fair
-51.50397902978975,19.342139948513516,20,1,Fair
-56.42984514034953,19.186889154104044,80,0,Fair
-66.92909595260654,28.6575987368603,20,2,Fair
-51.004001245667496,27.928787546220786,20,0,Good
-56.927004791233905,34.81119015062501,80,1,Good
-51.8713788116104,29.553150647752975,40,2,Good
-53.70371158076388,14.478437887681272,40,2,Fair
-68.28995010922073,32.36363332406043,20,2,Fair
-65.6018104019697,18.01357560879911,80,2,Fair
-52.527063948767385,22.31220109633354,40,0,Good
-53.89629734566535,26.75140144376186,40,1,Good
-60.20901593964148,38.96967242848775,20,2,Good
-58.82672616691218,46.76942989203753,20,2,Good
-47.22335104211575,29.24706141395328,80,1,Good
-65.9157138883583,23.717623668957284,20,0,Fair
-54.529026188299625,28.741539539363853,40,2,Good
-62.02192652433894,31.213587981116852,40,0,Good
-62.1768120322722,22.75532662109966,40,0,Good
-49.012231480128094,37.566479491386254,40,0,Excellent
-51.7458365101197,26.610495314339815,80,0,Good
-51.864903639993614,28.48420162363976,80,2,Good
-46.94521192845671,29.66146976438123,20,2,Good
-59.78996158367241,27.95110627430119,20,0,Good
-53.18047028705036,30.872583503287288,20,0,Excellent
-63.10266756593456,20.679227694171537,80,1,Good
-56.75833647511558,21.091887722377788,40,1,Good
-61.301430543676844,17.298920369198136,20,1,Fair
-59.03004035007282,28.076508614341584,40,2,Good
-54.04842974563086,30.4525555245848,20,1,Excellent
-68.18220683233473,28.2044100630632,20,2,Fair
-39.0761272431454,36.72144703343276,20,2,Excellent
-70.06017381499701,24.960827868196674,20,2,Fair
-72.14188612787733,29.681191589147588,20,2,Fair
-48.418891264999324,17.3580938670248,40,1,Fair
-52.08337306037064,22.290302082679194,20,0,Good
-53.75880182947845,29.868764302960443,40,0,Good
-53.7165449073572,30.943714775202007,80,0,Excellent
-60.12246772846915,22.942231366350725,20,1,Good
-68.97254371485832,24.498805236993533,40,0,Fair
-59.24195441806274,14.374883773234334,80,1,Fair
-66.77161711512112,22.500795594353733,80,1,Fair
-50.24880266582249,31.232682144638503,80,1,Excellent
-61.47057381502139,29.026435112745965,40,0,Good
-68.25497196792512,28.504660049668466,20,0,Fair
-63.21385841652994,25.348415810266722,20,0,Good
-55.87068545724375,25.049442110397234,40,2,Good
-65.63724552803976,20.377752023685872,20,1,Fair
-68.22220395566431,29.891798941417743,40,2,Fair
-57.563127885080874,27.946810610725727,20,1,Good
-57.55033428891277,28.444131935949596,80,0,Good
-65.0694317537113,21.31775610132694,20,1,Fair
-64.71038305618323,9.92659956090129,40,1,Poor
-57.67950062642364,32.68006898227587,40,2,Good
-74.48084341497324,21.648137807941172,80,1,Fair
-74.07463774376555,18.960569651698155,40,0,Fair
-67.18444221252436,29.854352383397956,20,1,Fair
-62.13447151711847,22.255911520566094,20,1,Good
-56.89092434401996,32.41955468832635,80,1,Good
-45.24643783050448,29.319041647036883,40,2,Good
-51.423403767979806,29.784985262403342,80,1,Good
-61.59938529963427,15.43831002159626,20,1,Fair
-60.19016207902689,33.4836078977048,80,2,Good
-70.02529364637809,26.828753718636992,40,2,Fair
-60.1851313599239,22.415060025276578,80,2,Good
-62.886586389201376,26.003719271395756,40,2,Good
-56.772814396619104,12.56635336971176,40,0,Fair
-68.27230943552323,27.860569680364694,20,0,Fair
-54.806534857588275,17.7943994427255,20,1,Fair
-44.67261086997422,15.531307999095258,20,0,Fair
-61.08760148456857,14.343485696474762,40,1,Fair
-55.98288277901059,32.788818624929476,80,0,Good
-53.09856008288887,20.59515624415048,40,2,Good
-64.01220471885836,35.73609396941549,20,2,Good
-57.75907518189583,21.249389758633914,20,0,Good
-59.87407599218205,13.048494296849373,80,0,Fair
-59.02323901451168,17.184328920359388,20,1,Fair
-67.73009783855467,33.65068134004857,20,1,Fair
-59.754898257410574,23.90871275444333,20,1,Good
-55.020017087545504,21.161988924565794,80,2,Good
-45.488563922049586,26.120127580969513,40,2,Good
-50.40729173914793,28.512479153172816,20,2,Good
-38.468175424884436,32.821791711317225,80,2,Excellent
-67.6734756288805,35.139494609250484,20,1,Fair
-51.276793632793215,22.4816194794764,80,2,Good
-58.16657994261648,15.71766619742573,20,2,Fair
-38.10197066782328,22.10574387213707,80,2,Good
-68.08298285355151,26.8219635460802,20,2,Fair
-68.39721842180776,18.253687516525723,40,0,Fair
-65.99392645444023,18.2999435957347,20,1,Fair
-81.23895724309807,27.406515170849197,80,1,Poor
-65.25755021680762,24.65943353900684,20,2,Fair
-67.59132661553699,25.229578967881107,40,0,Fair
-58.49606213523792,19.690532657099514,20,1,Fair
-56.58244024222841,23.38719500055963,80,1,Good
-41.238291607841134,18.53036799012187,80,2,Fair
-50.4957616181395,31.231388877873506,40,2,Excellent
-65.76903655662403,32.246745343066266,80,1,Fair
-68.98414671348358,12.076684964333342,20,1,Fair
-55.080808284934946,18.49342397865313,20,0,Fair
-73.20233207020642,14.524295214369447,20,1,Fair
-41.68541234145646,20.44983245915171,80,1,Good
-48.20559879278713,24.415934211467473,20,2,Good
-64.69175652104705,14.852483462110289,20,1,Fair
-77.13134529090878,18.54698130812281,20,2,Poor
-46.46127625834587,17.97229839542951,40,1,Fair
-61.14539845252618,26.450871305792607,80,1,Good
-47.621836880265384,25.485410359253752,80,1,Good
-75.94427658794368,19.947837126639225,80,0,Poor
-65.99375022953772,26.237746104975788,40,2,Fair
-59.94756300281817,21.17323940788914,80,0,Good
-59.53019406235258,23.098414227717626,40,1,Good
-64.50065471479243,36.71416463208976,40,0,Good
-53.771500676525015,34.38322736253244,80,2,Excellent
-70.67620429382595,15.902931341506816,20,1,Fair
-61.423794850212936,30.808126925154223,20,0,Good
-58.79704368288101,30.679775881441145,80,0,Good
-54.85561165941251,16.96215697873167,80,2,Fair
-52.88385121911111,30.731443506284023,40,0,Excellent
-71.24642091837869,35.76552342888787,80,2,Fair
-75.34114170735623,17.142186356289102,40,1,Poor
-47.22323178101491,18.577480252900155,80,1,Fair
-56.676859880204084,32.12363026790452,20,0,Good
-67.48486536556554,26.900467175779536,20,1,Fair
-44.48848024477477,28.860333926676663,80,1,Good
-58.843253657071415,27.384124514803478,40,0,Good
-48.207028159361734,27.73487144649701,20,1,Good
-59.32481518589891,15.71469510182242,40,0,Fair
-39.39252075118013,32.331223946350136,80,2,Excellent
-42.44659157556796,33.18712994699442,80,2,Excellent
-62.48964148479074,23.394264791523806,20,2,Good
-50.28429049045645,24.695661351302963,80,0,Good
-53.54624050414852,14.282247482109941,20,0,Fair
-46.31368442467652,28.599783292124844,40,1,Good
-69.64923460580104,29.004402091999008,20,1,Fair
-53.13948540001561,24.56466288100482,20,1,Good
-49.41575513150412,32.870473519093515,40,1,Excellent
-77.58739486423114,22.661459383140418,20,1,Poor
-71.83258512665775,28.9522414812552,20,0,Fair
-80.39232177760101,17.86234962915519,80,0,Poor
-62.694068344445576,24.835134943880334,40,2,Good
-52.82457744204038,23.77952019468015,20,2,Good
-44.976429479039716,26.57715545428659,40,2,Good
-59.25905219580225,22.413311498166493,40,2,Good
-43.713844544287085,24.079691830298326,20,0,Good
-73.80101458214891,30.782330200090545,80,0,Fair
-77.03382439355154,21.942650339332477,40,0,Poor
-60.55547698896619,13.753960294829245,20,1,Fair
-56.159345510606926,37.247087329437946,40,1,Good
-60.32694748094093,34.670178550833405,80,2,Good
-80.67442100039877,15.95416113426067,80,1,Poor
-60.89120039512788,29.82795463671636,80,0,Good
-73.04469500504854,21.479176606140598,20,2,Fair
-53.30327451169961,26.844410507317416,20,2,Good
-56.334017539031514,27.059568903094455,80,1,Good
-69.39879786327356,23.359145397785746,20,2,Fair
-65.13866917336694,19.513640340895225,80,1,Fair
-70.59213521888951,20.166212633786184,20,1,Fair
-60.62679097273172,18.586656591631304,80,2,Fair
-50.448576794987616,19.177244542386887,40,1,Fair
-69.85726046335543,24.529751969654512,80,1,Fair
-54.959534844821555,19.989680076224737,80,1,Fair
-65.30257618372441,29.77436445998834,20,1,Fair
-67.92872832262344,35.41072308735149,20,2,Fair
-61.070303599545575,20.939627310409698,20,0,Good
-70.35242322419374,26.675831503747638,20,0,Fair
-65.53649305347182,28.497795772120536,20,1,Fair
-71.97877892588849,28.304015896434922,20,1,Fair
-40.35274867083611,25.53168687541261,40,1,Good
-59.64736448028271,30.198776928518054,80,0,Good
-66.99725507992585,28.3757426687646,80,1,Fair
-57.86020089265778,16.336363043708914,80,2,Fair
-61.12328049690829,31.084092450724913,40,2,Good
-62.209695995332225,31.211035860867195,80,2,Good
-53.85833299956575,19.65699727074993,40,0,Fair
-52.42492289952695,25.265564848133213,40,1,Good
-65.30501147610528,29.783302949677484,40,1,Fair
-65.7581824064468,23.534803262944468,80,1,Fair
-62.75051697151644,32.510846334362085,40,0,Good
-83.01921164735585,41.547107462335525,80,0,Poor
-75.15191062198552,19.498097771555123,80,0,Poor
-46.33125732555476,15.332687777923576,20,0,Fair
-43.550322864987166,27.12673016923413,20,2,Good
-62.49036039556378,30.050937535883005,40,0,Good
-54.234430369442336,23.383935383086616,40,0,Good
-56.887498454564636,35.17282464324724,80,0,Good
-29.21119191544762,15.629759401937259,40,1,Fair
-48.804250885654234,29.850430361221278,40,1,Good
-61.27917591480767,20.758974254687747,80,1,Good
-69.55540440600426,37.03564534345108,40,2,Fair
-76.06446320257572,38.94760747217683,40,2,Poor
-57.96536364132777,19.633403885516564,80,0,Fair
-67.56350745284303,21.15310004863994,80,1,Fair
-74.22253709597675,31.017115208858613,20,2,Fair
-66.46572884242526,22.2900854514734,80,1,Fair
-70.81548003614395,24.682121474474332,20,2,Fair
-43.128583649274354,25.177718943796872,40,2,Good
-51.183602430505495,11.562287906616406,80,0,Fair
-60.07972641316617,24.90313577734034,80,0,Good
-45.20055861109974,20.17190558155078,80,2,Good
-59.22631692352382,21.548140243201598,40,0,Good
-68.61284201328263,35.105424024281696,20,2,Fair
-44.76875922730343,16.204451740045204,40,2,Fair
-54.61089956315341,30.69243630723584,40,1,Excellent
-70.37246154326456,23.04725948767734,80,0,Fair
-61.90338678083608,23.04167882052916,20,0,Good
-68.75618253384758,30.53260327236198,40,0,Fair
-73.82799730964337,27.380359061982233,80,1,Fair
-50.73822452468359,28.994290980536718,40,1,Good
-40.905833595298695,31.777292623730027,40,1,Excellent
-73.98567573819142,22.68084131771674,80,0,Fair
-54.37030763309429,20.714342858445747,80,0,Good
-66.50642569121827,17.403946314095414,20,0,Fair
-64.87125383764696,19.222126290147315,40,1,Fair
-65.9239392423887,45.643660977161076,80,1,Fair
-68.63990769679816,33.712757065157504,80,2,Fair
-59.51478372055173,15.54247943654385,20,1,Fair
-68.30950116411037,15.742794302795009,20,2,Fair
-57.295431742201615,28.37306243202944,80,0,Good
-60.50238109449137,28.83085358164577,20,1,Good
-62.3894804686641,28.84218684722155,80,0,Good
-69.07563662041598,23.215309445124117,40,0,Fair
-65.76771330568333,24.1218201799797,20,0,Fair
-52.44608774174244,27.295156669115503,40,0,Good
-54.990828123756195,25.601251044053313,40,1,Good
-69.7755524479855,9.464897390767254,40,0,Poor
-59.00667694570774,23.391402585973644,80,2,Good
-52.48612876628211,19.040154960177805,40,1,Fair
-76.69405281121372,26.226479932359585,40,0,Poor
-54.56639807620065,45.89681301822387,40,1,Excellent
-66.62623758945847,27.57237165832013,80,2,Fair
-54.29401331406841,22.805292196793214,40,0,Good
-67.63259156542517,31.452610513840764,40,2,Fair
-78.04882100664518,28.378815210464488,20,0,Poor
-76.27542437883163,27.940661433162887,80,2,Poor
-59.51915053338618,29.247954152509696,40,0,Good
-57.40277498278518,39.395804953806795,20,1,Good
-69.04316625104408,17.083780952718588,80,0,Fair
-53.61407541222626,28.31542453768018,80,1,Good
-76.6152006226896,18.51533209012923,80,0,Poor
-60.66079798647316,28.88858852439574,80,0,Good
-72.11016199762456,18.569194419597338,80,2,Fair
-66.5183610780216,22.07843230476441,80,2,Fair
-59.52601328683586,22.934370600334656,40,2,Good
-68.60413365283952,31.830717035412963,40,0,Fair
-63.845555442298256,31.429181107596897,40,0,Good
-49.9370719078556,16.27997836487531,40,0,Fair
-65.76891869523149,25.38453877699894,20,1,Fair
-51.64307887934858,20.032941016755792,40,1,Good
-71.29706854657618,16.190465625272658,80,0,Fair
-54.701958220847175,23.48088064702941,40,2,Good
-45.584313793420996,22.84062048080926,40,2,Good
-84.71644500127289,41.987015404418656,80,2,Poor
-67.96895255470477,28.03071877752487,40,0,Fair
-54.2292787281946,15.356677494720339,40,2,Fair
-62.03045386042993,21.046581970803405,40,0,Good
-56.28854126628691,32.149683068005785,20,1,Good
-66.0398518671582,39.619099410089476,40,2,Fair
-59.134102125271,13.898116814334292,80,1,Fair
-61.55677235392079,11.840529304026685,80,2,Fair
-48.322179383401924,38.09675622760248,40,0,Excellent
-57.45579156698787,27.727299241596327,40,0,Good
-56.62397337924798,18.921950876865434,40,0,Fair
-64.11876966122468,28.742403602857046,80,0,Good
-64.87606224072493,6.549765826881856,80,2,Poor
-64.3255818781962,25.023628546180127,20,1,Good
-56.055478576217034,27.294748209901595,20,0,Good
-64.20984480820263,31.46989097676481,20,2,Good
-57.102251431035874,17.902728333952236,80,1,Fair
-39.24599201354562,25.599810129823513,20,0,Good
-51.288752965683074,18.52202761758289,40,1,Fair
-63.26023532167841,26.78768628972022,40,0,Good
-47.98786077836055,18.73257574345883,80,1,Fair
-64.08075373021552,22.143294125878455,20,1,Good
-80.38124535177855,18.029292236468397,40,0,Poor
-70.08086310917405,29.5579536927656,80,2,Fair
-78.70791921025855,31.009157816596655,20,1,Poor
-63.51513484041309,23.357656010298104,40,0,Good
-59.815816208104486,25.267665964720198,20,1,Good
-43.23562687724717,14.85986009756519,80,1,Fair
-56.730726262358374,22.90226346395249,20,2,Good
-62.19100528808864,24.648567680707785,80,1,Good
-51.705944188165105,43.34555163720982,20,1,Excellent
-82.11135309007885,17.216230819580854,40,0,Poor
-57.64385441891434,35.24924067126706,80,0,Good
-52.29134806113033,31.978011414260656,80,2,Excellent
-74.78586245779842,26.964454831430956,80,1,Fair
-48.56245956793071,37.31034338936593,20,1,Excellent
-56.61503592505586,27.60473830824804,20,1,Good
-64.15287913900801,27.7241143696755,40,2,Good
-53.67218133893715,24.628155428877182,80,1,Good
-37.29307142195604,33.56498217693039,80,0,Excellent
-58.18133744941505,32.67528463667619,20,2,Good
-57.51779413699664,20.620258987526512,20,0,Good
-64.59360899540245,15.765269637808629,40,0,Fair
-68.49844369464792,23.5791355382304,40,2,Fair
-51.696641834557546,19.399730049216476,20,0,Fair
-68.56083825908867,24.555327977692514,80,1,Fair
-59.284337627806075,33.662066942788975,40,2,Good
-64.77657446765117,21.79888841439247,20,0,Good
-55.21020174253608,24.700236330818974,20,1,Good
-56.66337894713052,25.406159143658765,80,1,Good
-49.624600557421005,30.939016175436993,20,0,Excellent
-65.10016398854746,9.271774662107763,20,1,Poor
-62.69874935293371,20.753097936642924,40,2,Good
-69.78763715782307,26.47898584595631,20,0,Fair
-64.44293260076111,33.40055269498803,20,1,Good
-56.22699506955148,21.556682867456566,40,1,Good
-52.43011383354648,11.864131057706881,80,0,Fair
-69.22165324177625,29.337980121762953,80,0,Fair
-51.3039407989434,20.552463278220596,40,0,Good
-46.44362141195049,16.67233338636747,40,0,Fair
-55.86565096776299,20.629582272007433,80,2,Good
-41.23204187441934,23.708322496409053,80,0,Good
-67.73789199103572,20.766787348232512,80,2,Fair
-72.44654703311417,9.561037600306516,80,2,Poor
-77.78720248904278,31.279463378209925,80,0,Poor
-45.03955688510817,33.92412528895105,40,2,Excellent
-53.45634343645942,29.56065393937654,20,0,Good
-60.55584670910455,17.036200307026284,80,0,Fair
-57.200313736801796,23.589559262367374,80,1,Good
-71.25489047298376,24.954350793393793,20,0,Fair
-35.54248020383174,29.19156072693337,20,1,Good
-58.707788180247725,29.678383421026567,20,2,Good
-58.90605205395107,19.860783408550528,20,1,Fair
-52.74233376101308,25.57396889489492,20,2,Good
-55.18990768263287,28.200962832306686,20,0,Good
-57.76115975720869,35.19075625502737,40,2,Good
-67.90474455445312,29.93154577877306,20,2,Fair
-55.285316428640044,30.523396811628633,20,0,Good
-41.17975503524966,25.586786395505527,40,2,Good
-46.545799538450225,34.87321401642453,20,0,Excellent
-44.068133733606025,27.868339571716483,80,1,Good
-65.11215676431185,18.972384628785008,80,0,Fair
-69.8960482025858,34.82358979087633,20,0,Fair
-61.25786920099648,29.885322907773194,40,2,Good
-59.442750877113056,21.898691852100622,80,1,Good
-49.05808481529051,21.643549228205295,40,0,Good
-76.9246462971482,27.07602881598533,80,1,Poor
-44.704496805393866,28.24229356687309,20,1,Good
-61.580078985789896,26.381045859418446,40,2,Good
-64.2688106994742,27.179160714100195,40,0,Good
-70.12104375260168,36.89970162203466,40,2,Fair
-76.5485667186577,32.5008020656442,80,0,Poor
-51.768294160380854,26.33444913885517,80,1,Good
-59.26682032811596,31.589174065372383,80,0,Good
-72.89960899741054,17.772332675307222,20,0,Fair
-72.95078772063616,27.785489349627664,80,1,Fair
-63.35784699290128,37.66514444813177,20,1,Good
-43.30978474710607,23.473678732253383,40,0,Good
-62.59591351363605,19.066562499666407,40,2,Fair
-75.03142953118106,20.435377779848576,20,0,Poor
-62.45743064085944,17.37256873860328,80,1,Fair
-62.7272356974767,19.506666643106076,20,2,Fair
-86.96886642941571,22.406443309869797,40,1,Poor
-60.54294866517812,15.161030865749506,40,1,Fair
-62.30934530208678,25.10932833764722,20,2,Good
-53.03793635186582,31.31594021650653,80,1,Excellent
-41.51043905054655,18.64570673897156,80,1,Fair
-48.73434970452243,35.63498746549238,20,1,Excellent
-62.68888690554831,28.57554461969316,20,1,Good
-71.0652590874167,32.2140640993684,80,1,Fair
-34.266401967501395,20.395158123035042,40,1,Good
-59.40781565985512,30.98167658946631,20,1,Good
-59.86070708087054,17.356462697232807,80,1,Fair
-60.241250871100036,31.23173250585556,80,1,Good
-58.019152392321445,26.20287537855472,40,0,Good
-61.443604119239424,28.87275853989349,40,0,Good
-65.73662006880237,16.770837760626037,40,1,Fair
-65.46858941240392,18.734511104063767,40,0,Fair
-60.327532702159985,29.180597527773692,40,2,Good
-65.43424771133765,18.361563970430595,20,0,Fair
-67.12845782677164,28.242444044693862,80,1,Fair
-58.935697723081034,15.43003535477828,20,1,Fair
-62.54977217420855,30.937219488666678,20,0,Good
-44.960070114173114,16.372336796620438,20,1,Fair
-86.50969808393012,28.866099563756663,20,2,Poor
-49.08493148077538,29.379416535522008,20,2,Good
-47.53914807502371,20.122597270992976,40,1,Good
-80.7339023240815,29.07418596959309,40,2,Poor
-63.42687594080349,26.82309584333489,80,2,Good
-63.71440865995791,21.22810700665083,20,0,Good
-74.07511694717822,17.940117211466543,80,2,Fair
-67.77816687590875,11.261620158291947,40,0,Fair
-71.10575845465829,27.447550331097855,40,1,Fair
-42.477295565763775,14.046380600465614,40,0,Fair
-50.64321606852539,25.66740939608916,20,1,Good
-47.28444905005841,23.155862487424255,20,1,Good
-52.78327935956765,29.753999428067367,40,1,Good
-71.29051771217229,22.88568150357095,80,1,Fair
-65.24520266279774,22.69386549557036,80,1,Fair
-55.10625438772082,30.123094930018066,40,0,Good
-72.22127808891945,27.345406203588823,80,1,Fair
-52.87001569827612,27.21309170027945,40,2,Good
-62.40325398158135,28.284873128659683,80,2,Good
-63.748208075495974,14.250995137550259,40,1,Fair
-52.89040031796508,30.297520759908874,80,2,Excellent
-55.5573668851396,29.287281558095216,20,0,Good
-63.6096616581908,17.88321809996452,40,0,Fair
-48.40670196635752,23.29143668428059,40,1,Good
-70.81063327599897,24.72484898660658,80,1,Fair
-53.84064393055736,24.05852250918787,40,1,Good
-54.06898742031616,27.337019765979743,40,2,Good
-63.095464393139906,35.01956747281828,40,2,Good
-56.73866977757882,32.5723670937098,20,0,Good
-72.51113576385303,15.814465645980157,20,2,Fair
-50.75972980793099,29.35448993214234,80,0,Good
-61.84902136442989,34.30253323674787,20,2,Good
-65.2272302051904,27.707659644824417,80,0,Fair
-49.50990774163111,32.63686297630177,20,1,Excellent
-67.0434369054276,39.08589311990536,80,2,Fair
-74.08461296363559,32.16596682274887,20,0,Fair
-75.56629173523903,26.745160169492102,20,2,Poor
-53.93990048654361,32.31561931859328,80,1,Excellent
-72.80429352496283,26.01421483167824,40,0,Fair
-42.45205818015636,25.16732130299469,40,2,Good
-80.81929407883722,22.540100350003872,20,2,Poor
-43.03543631709962,35.94389351182476,80,1,Excellent
-57.88982532797382,19.27099933840599,40,1,Fair
-60.967131118703925,35.726574072746814,80,0,Good
-65.44919086808949,28.499048866182598,40,2,Fair
-56.008638856479294,15.20485677638641,80,2,Fair
-60.37634702424848,27.573545050939952,20,1,Good
-48.96698117983478,10.299814446438631,80,1,Fair
-58.857723513379604,29.37855611781725,40,0,Good
-58.49698238538122,31.196620380922937,20,2,Good
-63.63612212213856,20.853508310435625,80,2,Good
-60.56945623721067,25.864833871689076,40,0,Good
-56.92198231107941,38.679102036252004,20,0,Good
-77.10168392656625,21.45977307016644,80,1,Poor
-73.48185422105713,17.587646890603796,40,1,Fair
-52.56735905977285,35.371643817238194,80,0,Excellent
-58.291345618720584,38.73811033371556,80,0,Good
-61.83983336352679,25.02586970293493,20,2,Good
-59.815660669346066,32.080241247858496,20,0,Good
-56.52418294638329,34.390331408716165,40,0,Good
-65.39759680309362,19.80261037223131,20,2,Fair
-67.78304725402313,21.602859152424923,40,0,Fair
-58.041547449023184,33.61612159208315,80,1,Good
-69.78372777615031,36.79509995095957,80,1,Fair
-55.917472442855285,28.940166021220485,40,2,Good
-77.0258360423784,18.84129952548562,80,0,Poor
-49.708443626743566,38.90942778189609,20,1,Excellent
-55.27402517586957,21.283203715316247,80,1,Good
-57.43970265686124,22.65403553179984,20,1,Good
-50.17309016054486,27.39636484142735,40,1,Good
-43.34525555537424,35.87912294500342,40,0,Excellent
-49.8562993498187,30.977831835865565,80,0,Excellent
-78.40874231331645,27.904058502533374,80,0,Poor
-72.79576966735702,28.243019710826744,20,0,Fair
-66.24818577695679,25.304602680504264,20,1,Fair
-59.73908949789166,28.906976601629545,80,2,Good
-54.82340979530877,7.293079456139878,80,2,Poor
-67.25743813153466,22.923747786511413,40,1,Fair
-58.13233235522922,26.68925354441747,40,1,Good
-67.55382932353322,16.94290141466345,40,2,Fair
-66.11517802991948,27.70426322468092,80,2,Fair
-74.06661096848222,23.568701453097148,80,1,Fair
-69.23233246110904,37.28832988820843,80,1,Fair
-73.51684605616333,36.011138076504,40,0,Fair
-69.75873252977333,21.73936101617286,80,0,Fair
-49.463582033921604,23.944136019033134,20,2,Good
-69.49398888831944,24.482367040741252,80,1,Fair
-33.67617935162609,21.838383666882642,80,2,Good
-55.06682099119111,26.365174888196886,80,0,Good
-58.15163876305126,19.692025517786867,80,0,Fair
-68.58357780181214,17.085692655437317,80,2,Fair
-52.99690120591009,29.35897856730188,20,0,Good
-65.75637826237774,29.406707089552675,20,1,Fair
-58.779901853546384,19.369789682380052,80,2,Fair
-34.39915461731205,31.2674880153382,40,1,Excellent
-60.9605989972465,20.57895589584268,80,1,Good
-48.50726673714324,26.772156666265868,80,0,Good
-67.03176425125888,30.742408088287192,80,1,Fair
-60.34988490496962,24.76471204707401,40,2,Good
-42.2919936436449,28.18318638498794,40,1,Good
-66.26967057787768,21.384992492787,40,1,Fair
-41.87551442003071,23.62473391600332,20,1,Good
-52.92248064544525,23.558983983837617,40,1,Good
-65.62466775894268,19.773951574218326,20,1,Fair
-53.67592260944479,23.762580858189526,20,0,Good
-50.2744555037327,14.159671907953774,40,2,Fair
-53.78190037782804,21.56192377000527,40,0,Good
-75.70224719890456,23.005871546412305,40,2,Poor
-67.27137175824869,23.206741732532336,20,2,Fair
-62.47518635551505,23.309517878904547,80,2,Good
-60.74433429100046,24.567650600979096,40,2,Good
-53.79327902449322,28.356090626602448,40,2,Good
-58.222989990667465,31.12161951892766,40,1,Good
-73.35344358710101,20.45164341206213,20,0,Fair
-56.198021489940366,16.577594012275988,20,0,Fair
-53.89414254716177,17.70568911429828,80,1,Fair
-54.4020955206896,21.58957955163551,40,2,Good
-49.192192744453784,22.536550775284436,20,0,Good
-51.66077845451096,19.6100275366178,80,1,Fair
-55.40819920771563,15.927183350250738,40,1,Fair
-60.70165711458647,21.807154207680682,20,0,Good
-76.60960933515992,26.2699863407978,40,0,Poor
-55.70381780867414,29.165206260848954,40,2,Good
-57.923123128368886,21.098038628241753,20,2,Good
-57.284211628046265,22.109015244995962,20,0,Good
-72.7674857582031,18.513111838068824,20,2,Fair
-70.81056540408262,24.779925807376564,40,1,Fair
-49.46847146667096,19.060999560664296,40,2,Fair
-60.39555153856655,29.0118946926884,80,2,Good
-53.18499302627376,12.498934556461222,40,1,Fair
-59.71681623869541,22.482592292832766,20,2,Good
-59.702438605042566,27.107751374342193,40,1,Good
-50.617161940240024,26.28684161425753,80,2,Good
-65.16044728217373,43.851235647863476,80,0,Fair
-59.03879223059017,27.44860017197535,20,2,Good
-64.62275288705042,17.97161782210593,20,0,Fair
-64.34496227432315,24.33175027037649,80,0,Good
-63.091721234686396,12.566275665734835,80,0,Fair
-57.778662283662875,24.435801754922675,80,0,Good
-64.78748621663478,19.16860760099469,20,0,Fair
-47.44243874426479,31.40773192892113,80,1,Excellent
-68.94607302219504,21.153218077831255,80,1,Fair
-61.86871644161359,24.182638589433274,20,1,Good
-64.39731058274175,20.551095110169175,40,0,Good
-45.53022115646267,37.17195946297332,40,2,Excellent
-58.034452234884256,22.75130063717462,80,1,Good
-49.68155460531365,37.82789930435441,40,2,Excellent
-74.85560373036972,30.699062334827865,40,2,Fair
-57.32949734130741,28.374467091347704,40,0,Good
-51.103692043765626,27.581132031222637,40,0,Good
-59.17716010724576,27.756581087513762,80,0,Good
-49.345196249346486,11.506291944580731,40,1,Fair
-65.17288450100372,23.047816240944705,40,0,Fair
-45.9065255981442,30.91610579829025,20,1,Excellent
-37.0110187638075,24.65771971568126,80,1,Good
-63.62838560439659,15.163671072374974,20,1,Fair
-64.45502521400772,24.633168845957712,20,1,Good
-45.46615522882299,36.92873861378844,80,0,Excellent
-44.204278542692876,33.72824200874304,40,1,Excellent
-65.22860027153268,24.565971934437776,20,0,Fair
-64.20186817095858,31.660144939406607,80,0,Good
-62.81784608860507,22.434450857423638,40,1,Good
-73.44450511034277,13.072898892212967,80,0,Fair
-69.18651946484198,18.52873808309312,20,2,Fair
-70.04140766752067,35.940221379557386,40,0,Fair
-67.67797565104128,23.08204842719487,40,0,Fair
-60.34684887386781,23.296312144374873,80,1,Good
-57.657852674634796,22.901132626075835,40,1,Good
-44.49499507185923,38.32895612701105,20,0,Excellent
-69.9835404073879,36.381712407534444,20,1,Fair
-50.156776015234165,40.53146163413694,20,2,Excellent
-62.13988844225509,23.88668352719964,80,2,Good
-60.49463709652433,27.069371421229665,40,1,Good
-53.251805078333966,14.383502154054462,40,0,Fair
-71.22722021562299,35.33854098282792,40,2,Fair
-56.17590253815949,16.825543141124456,20,2,Fair
-58.33547791786944,26.517428946338402,40,0,Good
-55.07548735991851,17.318882306570092,20,1,Fair
-57.10831356092182,20.877932212829126,40,2,Good
-35.44699860089106,19.1391629826521,20,0,Fair
-66.37739984251316,20.744873175269277,40,0,Fair
-65.30996955001818,21.22614107795715,80,2,Fair
-66.23140526424764,21.162118435524462,80,1,Fair
-65.55477119160254,30.83333738246215,20,2,Fair
-66.37387127306518,17.26596044856236,20,0,Fair
-48.10983468892448,26.543789989097068,40,2,Good
-45.79495752010145,33.52571406613891,40,1,Excellent
-65.70746293749477,21.40762544840623,80,0,Fair
-68.32355573104229,19.974567764766785,40,1,Fair
-55.28584443613596,23.386327623738243,20,2,Good
-65.52223044280971,33.25807645852497,20,2,Fair
-53.67068182244489,26.358753416673505,20,1,Good
-57.970769791487,21.281499937746812,20,2,Good
-75.15744114997231,28.38713655831628,20,1,Poor
-44.52494798669938,17.283954951145038,80,2,Fair
-42.041223269044785,29.769516573100635,80,1,Good
-66.12788690484386,27.860251153912373,20,1,Fair
-63.877015599359844,22.845340702027812,40,0,Good
-57.14134609275095,19.12989941086938,20,0,Fair
-56.65543210012975,18.7932335440158,80,1,Fair
-53.4145572732717,28.74372135442137,20,2,Good
-39.897954612336505,33.60286351742343,80,2,Excellent
-61.7694722749405,20.538845770798435,80,2,Good
-67.98297244538453,28.20870692486039,20,1,Fair
-73.79319228014528,10.390810869785518,20,1,Fair
-67.30930039941919,20.907675885399602,40,1,Fair
-60.33126972873797,24.782587469903685,80,1,Good
-42.054421364822126,18.632216081127165,40,0,Fair
-65.17611299036172,18.44445537647283,20,1,Fair
-57.762120483611014,20.3255431047178,80,2,Good
-60.16422896072752,27.04534909828461,40,0,Good
-48.11606726551916,23.688696871155376,40,2,Good
-34.73067574126378,9.332381366725196,40,1,Poor
-65.3086877292032,10.155098931554537,20,0,Fair
-64.89439442518223,20.751943754999772,20,1,Good
-49.55839122930928,28.203806102374863,20,0,Good
-53.18108510373688,5.767466100923357,80,2,Poor
-41.53292674263967,21.501888766938585,20,1,Good
-54.16071814674036,21.316265004378053,80,1,Good
-63.59292090787059,34.71836444745914,40,0,Good
-54.09345169307691,22.304847318009955,40,0,Good
-48.912964194170925,27.680922893186498,20,1,Good
-51.795178188026355,25.988799980612242,40,0,Good
-54.92725968892702,10.086034641349595,20,1,Fair
-49.33325310410846,30.37745051642216,80,0,Excellent
-48.307044095543276,26.507775538194014,40,2,Good
-46.17841008962473,28.557880477722126,20,0,Good
-53.51290112410357,52.48366394505429,40,2,Excellent
-61.671180803168546,10.41120942350988,40,0,Fair
-58.53286313566677,37.07287654832776,20,0,Good
-47.93491033491643,22.987867364197513,40,1,Good
-68.16935670987236,27.011302330821064,40,0,Fair
-56.313266911270986,24.681414282891303,40,0,Good
-63.93338812327361,22.030345666213694,40,2,Good
-59.71255177065183,21.01116950232869,80,0,Good
-47.21548137392701,27.306561149011063,40,1,Good
-58.089009319800965,14.379784123298247,40,2,Fair
-59.53563451843851,30.25405417265236,20,1,Good
-73.59856140979919,22.086639165803224,80,1,Fair
-52.53746433972779,17.089514626717495,20,1,Fair
-53.54515818858925,21.849909994029304,20,1,Good
-38.3674527669454,33.80004451803801,20,2,Excellent
-63.077782349530004,21.252654390886438,80,0,Good
-57.80849672336061,27.509175327467343,20,1,Good
-57.50616316289245,19.883306069991686,20,2,Fair
-44.22546720236526,30.305452949465337,20,1,Excellent
-60.952955323869524,29.79855417153143,40,0,Good
-57.209784742296605,37.94026183307488,20,2,Good
-53.921034902834606,23.77105238150549,80,2,Good
-58.13390876843642,29.680583633305346,80,0,Good
-64.46433614550529,25.68647277677261,40,2,Good
-58.05910007101692,34.0711024730411,80,0,Good
-49.26368250140228,19.96817328673889,80,2,Fair
-70.26515299411061,30.21503719014097,40,2,Fair
-58.67030325853124,23.637118927183227,20,0,Good
-67.00120814939173,24.550682760240516,40,0,Fair
-48.049533710751575,25.64226739113861,20,2,Good
-75.23186904783775,26.765682774986743,20,2,Poor
-65.58921847271588,24.186396698146293,80,0,Fair
-56.227881249354795,26.50299228219368,40,0,Good
-44.34475970765659,36.04682640293529,80,2,Excellent
-60.65750261072988,31.89814779930653,80,2,Good
-65.55199526693198,31.084082147478277,20,2,Fair
-41.1884293055941,21.811223317832905,80,0,Good
-74.48013900416244,18.775314202401727,40,2,Fair
-81.98805956620082,31.687103907664273,80,1,Poor
-55.59985549946668,31.13232754770856,80,0,Good
-65.02054224352611,35.308694730256875,20,2,Fair
-70.21232817130713,20.772135618215394,40,0,Fair
-52.91643552700647,23.39315941247757,80,1,Good
-57.56199286228801,13.523610862321961,20,0,Fair
-65.64078630736728,22.25270225757389,80,2,Fair
-72.80304398670894,31.97599357405613,40,1,Fair
-51.275426717198556,21.734532345402613,80,1,Good
-53.49798822041339,29.483358566405766,80,2,Good
-60.99175863779383,23.66647825801532,20,2,Good
-41.533630039523345,27.268399197550924,80,2,Good
-70.70084766326153,16.966160271290327,20,0,Fair
-75.25525170924739,25.596466147437308,40,0,Poor
-66.91908069881245,4.062048203694937,80,0,Poor
-60.45586016355498,23.691726892866107,40,2,Good
-57.56660550677308,13.58668729399402,40,2,Fair
-62.4123605785633,33.441961615827715,80,0,Good
-56.479446034857034,30.44185146935158,20,1,Good
-72.51539424190445,28.266696873762566,40,0,Fair
-45.562353959267405,35.64704359011566,40,1,Excellent
-60.821511783925686,18.35758435422614,80,2,Fair
-48.82704168411872,37.23154238540891,80,2,Excellent
-56.57274653622296,31.52534094982269,80,0,Good
-55.432467808462164,23.344112989467376,80,0,Good
-54.30232719767796,32.94934103028061,80,2,Excellent
-55.52291439982685,17.25594541311856,80,0,Fair
-53.57277240132456,19.228400869306284,20,2,Fair
-46.70847469867569,20.739871937322096,40,2,Good
-58.0347883029853,21.297156043551894,20,1,Good
-52.90996242411488,17.60409650067823,20,0,Fair
-60.897356942872264,33.561581469667274,80,2,Good
-45.59882784550527,23.18801919741118,40,0,Good
-66.7639230205927,27.467534778498155,20,1,Fair
-41.99059567089184,21.007540435104236,80,1,Good
-60.40157950644343,12.25577689616038,80,0,Fair
-74.30775102118048,26.890401508739956,40,0,Fair
-58.71895585089211,11.614215172061563,20,2,Fair
-66.8105165747488,24.519561677401718,20,1,Fair
-51.593564510112756,15.421794728170326,20,1,Fair
-66.5262397930239,38.91093199461566,80,1,Fair
-64.4618343321478,31.379539055223052,40,0,Good
-78.89540730945531,25.740276538900364,40,2,Poor
-64.52306319249077,33.84594674358268,20,0,Good
-84.23879326628956,19.07578815773985,80,0,Poor
-75.83902823485724,28.804355650690653,20,0,Poor
-52.395853438557026,26.398673036030996,40,2,Good
-52.14199841349168,26.84814056933569,80,0,Good
-55.745424382150354,33.90647450074737,20,1,Good
-69.66976143129213,30.127444719458616,20,1,Fair
-60.4771135614198,27.021065639775163,80,1,Good
-60.036025390905685,13.415787946401927,40,2,Fair
-71.58364689192543,18.279675933043755,80,0,Fair
-44.9660169823285,24.14103746482993,20,2,Good
-51.22637709424328,25.653606619936557,20,0,Good
-62.20964173829664,17.088573927282532,20,1,Fair
-59.73114161005469,41.881736729048946,20,0,Good
-57.91617192052448,35.61475838677501,40,0,Good
-80.41734868424291,29.214828242747384,40,0,Poor
-62.47177382520597,25.504258028986214,20,2,Good
-66.81984247997798,23.514537210691934,40,0,Fair
-70.01620009894916,18.33657077984435,40,0,Fair
-62.81100292885955,25.54236362963204,40,0,Good
-42.023134731504776,26.804267780999254,20,2,Good
-53.5915713873299,16.30767597162863,80,2,Fair
-65.71178989782797,27.339234920714283,80,2,Fair
-54.27417218643841,23.91318665822676,80,0,Good
-46.00644563413998,11.645347094858263,20,1,Fair
-50.753663170872315,18.977304924543485,40,1,Fair
-59.40369630079826,22.10476126604849,40,1,Good
-66.46936777705574,38.21381360138133,20,0,Fair
-53.0177668638641,28.895871871736308,20,1,Good
-56.065146145782506,15.651629016300763,80,1,Fair
-51.04806779972268,28.402254025923458,80,1,Good
-53.648281983180304,14.168872077431441,20,0,Fair
-49.50447284680665,32.57883737720951,80,1,Excellent
-65.35235211560568,21.70212743727485,40,1,Fair
-46.826059343656745,24.344546678825804,20,0,Good
-58.024003953076004,34.28057653279534,20,2,Good
-39.24739127374735,15.98985501991025,40,1,Fair
-66.89187818089567,15.22017270420906,40,2,Fair
-42.640361968347506,20.914804715577965,40,1,Good
-58.020892165373525,32.26865195713522,80,0,Good
-66.51418003614448,14.364577471662102,20,2,Fair
-64.83885834054321,5.1749108132260115,80,2,Poor
-63.2034730819432,21.841887991137007,40,2,Good
-55.758340535980835,28.862185599376442,80,2,Good
-54.771645119645,33.40183224817181,40,1,Excellent
-65.73700003938579,21.757870465402206,80,1,Fair
-60.243545922609826,22.120013750187983,80,2,Good
-38.57729641388136,33.077305139790234,40,1,Excellent
-42.724568298992885,11.911808102132056,80,2,Fair
-55.63676330325968,22.280354573718935,20,2,Good
-59.619965218318,26.332967229475404,80,0,Good
-58.799686732817385,28.14453104899524,80,2,Good
-53.86482027269583,21.43135314766382,20,1,Good
-70.22792565198405,25.24108708194089,40,2,Fair
-62.57376537423345,7.5817085261090735,20,0,Poor
-76.6858407387759,20.39226111366306,80,1,Poor
-56.007768773947205,28.17456098788127,40,0,Good
-53.52804060297259,18.123941760217242,80,0,Fair
-64.83186462299373,25.412889551127183,80,2,Good
-44.26013236709967,28.128107505618885,20,0,Good
-72.2576566300234,22.602155593995644,20,0,Fair
-74.6437488020982,26.193246396975997,40,1,Fair
-57.755481814400284,18.260872043007716,40,0,Fair
-49.529016973878456,23.553721042127673,40,2,Good
-43.16072308542131,29.271513187124558,80,2,Good
-64.5888426286894,26.09881072677904,20,2,Good
-49.21319166568704,20.89428111305245,20,0,Good
-60.38508469500707,26.56951483003555,20,1,Good
-61.726272999408195,30.002268534456327,40,2,Good
-51.16340062513328,10.650411049957654,20,0,Fair
-53.4767712158658,33.11351845469128,20,2,Excellent
-75.7639215698425,22.646216829232497,20,2,Poor
-45.23459650274104,27.978429532681613,40,1,Good
-46.199086458525485,33.3807284655166,20,2,Excellent
-66.2556270150953,15.398284119386739,40,1,Fair
-56.04196466562591,20.033912983007173,20,0,Good
-55.05969813717261,22.980159128870067,20,2,Good
-57.39326234176093,19.513725352129,20,0,Fair
-65.5030515384542,37.14455603085766,40,0,Fair
-66.71623367938052,19.00259534321245,40,0,Fair
-60.255540709914456,21.111172543591934,20,2,Good
-48.27270980740635,26.430723221220838,80,1,Good
-54.56399845405568,16.584953317467377,40,2,Fair
-63.70614332086106,22.230235017706153,40,0,Good
-52.283012893516556,27.222172828751223,20,1,Good
-88.48542620630076,22.669977169322422,80,0,Poor
-48.51234299627897,24.34629198770036,20,1,Good
-77.39713778778099,21.294675212861403,40,2,Poor
-63.62440941403132,14.398707835734632,40,1,Fair
-71.19669894626144,27.25115247937467,20,2,Fair
-72.94681475720905,37.284531501530694,20,0,Fair
-48.391732126214805,25.128811415484066,80,1,Good
-64.67701201311891,26.57684882073285,80,0,Good
-56.53496118269284,29.84905928581802,40,1,Good
-60.46920578879184,16.114686524173106,80,2,Fair
-55.229591727768785,36.91760260690724,80,1,Good
-59.231781089397444,26.416301574959615,40,1,Good
-72.8299222418857,36.42299829362376,40,2,Fair
-50.0373318055286,19.868769031332075,40,2,Fair
-64.93756583161313,37.726433457904776,40,2,Good
-75.5658189865975,30.42608845824348,20,1,Poor
-64.28115160965912,28.871280600966507,40,0,Good
-44.99240209365689,26.638171180472035,40,1,Good
-51.49778257886507,23.260299673478855,40,1,Good
-63.48652134407859,33.40372160931711,80,0,Good
-63.49257704318429,25.98251908893633,40,2,Good
-63.216350512173825,11.230512074889932,20,1,Fair
-39.23252016439159,17.179694768050982,20,0,Fair
-56.180645477684465,23.69907973465077,40,2,Good
-55.699583528089306,27.169992882158883,20,2,Good
-49.69716545968158,24.60388057770073,80,1,Good
-57.612108409734866,33.532795528555646,40,2,Good
-62.59042145820703,11.342286951729626,20,2,Fair
-61.96349849084978,26.005115555536122,20,0,Good
-60.716012594140636,12.274145422289918,40,0,Fair
-60.372222365098416,30.317986068389178,20,2,Good
-52.7237045636302,24.33878899890598,40,0,Good
-59.480541141927006,27.937269804168828,20,2,Good
-52.67359922784421,18.952819275871637,80,1,Fair
-60.80716580108582,33.95625452160426,20,0,Good
-59.213648096839094,32.29207264841196,20,2,Good
-79.98200684532108,29.084810121083212,40,2,Poor
-50.83672325297518,24.093379271955914,20,0,Good
-56.53511524102007,29.059000997065926,40,0,Good
-50.01989890140348,20.051752024088557,80,1,Good
-88.96255378193689,30.988889613144984,40,2,Poor
-39.116252952192724,36.54636626026745,40,1,Excellent
-61.395896281551735,32.4942739198543,20,1,Good
-48.918171832624836,19.892782711348133,80,1,Fair
-70.39905927125531,27.52992122091172,40,0,Fair
-53.8722609493743,15.948009193689465,20,1,Fair
-70.53415563173657,29.00673217822973,20,0,Fair
-66.23768960695806,28.154223890037773,40,0,Fair
-40.85968646133214,11.911285623274852,20,1,Fair
-61.90682400763347,16.867513092613454,40,1,Fair
-57.82567126820277,23.01802772279363,40,2,Good
-51.29932269311246,22.893981770014218,40,1,Good
-55.04318112027396,16.533661452068362,80,2,Fair
-58.495810948564234,27.72285110546529,40,1,Good
-56.35038997533775,26.760315262583585,20,1,Good
-35.96584414761725,23.640116076150363,80,1,Good
-60.57618797033585,19.70945949889146,20,1,Fair
-57.989009532850325,32.34094988491594,80,2,Good
-49.49345603992388,36.58784979161807,80,2,Excellent
-48.94474067042016,21.61506961307424,80,1,Good
-48.1296969443962,20.714831579916254,80,1,Good
-53.61269777970816,28.438453657883976,20,2,Good
-71.43004912730484,22.493794341771096,40,0,Fair
-43.66568467698904,24.024219595357362,20,0,Good
-71.46345393018689,30.1775720620727,40,0,Fair
-56.97364534760967,11.63450738744895,20,2,Fair
-67.54275850019359,34.22811627396869,80,2,Fair
-60.64138346592993,25.508763670305388,80,0,Good
-56.71237589696519,22.11954798806474,40,0,Good
-56.78642784549727,24.375360920449857,40,1,Good
-55.78079245764715,24.73700548514363,20,2,Good
-43.86288730941353,12.881590875885522,40,2,Fair
-55.4646569848602,35.46456759217265,20,0,Good
-62.441566352906484,25.28927942589433,40,0,Good
-50.35912831711642,28.101014913131625,40,2,Good
-48.105295110753595,31.660848394018302,40,1,Excellent
-72.27607815136993,17.851862797077896,80,0,Fair
-54.02599930150142,28.3143032932466,80,2,Good
-52.98827257689101,23.126512363708446,20,2,Good
-62.97563503359992,30.927395426515456,40,1,Good
-46.2429318668838,10.109408057539532,20,1,Fair
-61.50055587032527,24.306339898311116,40,0,Good
-58.744235465284575,20.780255409512268,80,0,Good
-61.7307182428387,28.02584065443909,80,0,Good
-59.844209524185324,28.290309311577417,40,2,Good
-70.96275086895201,20.046618736245815,40,0,Fair
-74.40050882594295,20.014782950767696,80,2,Fair
-44.054949367750275,24.225342420098695,80,0,Good
-68.46961348318328,18.72350440879354,20,1,Fair
-69.91392349456306,30.893885868164887,80,1,Fair
-81.53390113603714,22.415549596867876,40,2,Poor
-66.38961747689503,4.6510824647485105,20,1,Poor
-73.23089793407499,22.37624560364736,40,2,Fair
-43.57984839863631,17.730193254092192,20,2,Fair
-49.90182910657366,13.581069291773382,40,1,Fair
-66.88150345177723,16.33801353244199,80,2,Fair
-37.47564194655691,25.76585930283079,40,1,Good
-50.18234513008406,34.300485797737615,20,0,Excellent
-63.24831383508622,27.19229131705486,40,0,Good
-84.99405714873572,20.754476282489822,20,1,Poor
-37.09057427409259,28.19132936619492,40,1,Good
-73.89572466763596,21.786367828467057,80,1,Fair
-76.45398746956892,20.13779741585799,80,1,Poor
-49.774295679903595,16.91946132236911,40,0,Fair
-35.60247593660727,12.737198352737966,40,2,Fair
-46.15727181489482,22.270534054083882,40,2,Good
-54.360908799476405,26.106374429440923,20,0,Good
-54.05245658334714,24.323634309895773,40,2,Good
-51.46584441219692,22.08823150436849,40,0,Good
-52.410714102132346,18.37977757512253,20,2,Fair
-57.188085760306244,29.25772334179478,80,1,Good
-58.95798896048124,15.780076560373905,40,1,Fair
-60.625931278995225,30.432195396904326,40,1,Good
-67.53964588866677,17.984480867512925,80,0,Fair
-62.80675076866774,19.732953338528755,80,0,Fair
-76.92956814195385,14.732503665690261,20,2,Poor
-60.9833962679475,21.490184971800545,40,2,Good
-69.88591107150917,31.82718720934585,40,2,Fair
-71.03589317215771,28.609396619107695,20,0,Fair
-58.201058488465215,31.848954784196245,80,2,Good
-46.07997713655401,28.654997821537552,20,1,Good
-50.81683393997687,17.274311200287414,80,2,Fair
-75.70500603623178,22.6844754297071,20,1,Poor
-69.89628136570337,19.538606096177762,80,0,Fair
-50.59228812011784,34.314024328273284,20,1,Excellent
-69.8248739353831,16.62247947501582,80,1,Fair
-62.246331499970246,31.255883825723775,80,1,Good
-54.49947900975448,31.250677090761386,80,0,Excellent
-69.68344454863636,37.80734141201261,80,0,Fair
-58.9462449385404,22.13219385159352,80,0,Good
-73.34025494918204,29.986255117061134,40,0,Fair
-66.01367643951214,40.9715628557719,80,2,Fair
-56.80218065857463,20.676508261464125,40,0,Good
-75.9299373353167,14.254718267273482,80,1,Poor
-55.59525262039601,11.839929762645655,40,0,Fair
-60.196377989266814,29.988984202029318,40,2,Good
-54.47510045582852,11.817948543589914,20,2,Fair
-57.76085865935339,22.39376662943454,80,2,Good
-46.35859570026156,28.061192309272727,20,1,Good
-58.74775497352093,26.2962287578094,20,0,Good
-64.29405541125253,27.978114049289207,80,0,Good
-58.777024969677164,26.556028990605977,20,0,Good
-54.56701970963612,33.95206069319375,80,1,Excellent
-59.51139929674296,18.33378533482842,20,1,Fair
-59.594083087961174,20.26103403079028,80,2,Good
-67.01991687806756,19.591383883104232,80,2,Fair
-66.62900917550948,30.81134268303827,80,0,Fair
-74.02605271799693,31.302790118765444,40,1,Fair
-42.504232568130604,28.158577235229558,20,1,Good
-72.43863235391285,33.2844556682295,40,0,Fair
-66.92905197795908,16.753713928365336,20,0,Fair
-67.18407265569198,36.670568780857955,20,2,Fair
-51.050756230555585,35.6626703519858,20,2,Excellent
-62.94949678292028,30.149353980720228,40,2,Good
-47.522579273262664,37.47259236139742,20,0,Excellent
-66.73490624243868,13.403637546255583,40,0,Fair
-57.21005837776198,21.328863046161437,80,2,Good
-68.35347053259757,19.852875775226334,20,2,Fair
-38.54850872226612,30.050355266301402,20,1,Excellent
-71.87598419029513,17.64901482278498,80,1,Fair
-56.90179289772973,30.302466045362397,80,2,Good
-53.662231190679016,34.59375300797699,20,2,Excellent
-55.862009025485015,29.866420300587997,80,1,Good
-61.852876588777086,26.98625716563051,40,2,Good
-61.29820699733426,18.084886613694756,40,1,Fair
-59.561885280208905,19.072043237122447,20,1,Fair
-61.470020016284884,33.747332337076664,40,1,Good
-50.361208832050906,30.455443027337328,40,0,Excellent
-37.89476998408649,24.72686336435719,20,0,Good
-65.57491785007834,22.074633179638766,80,2,Fair
-73.69802979579077,10.819344888220362,20,1,Fair
-60.882820483512546,17.50403306920893,40,0,Fair
-34.20290662345682,38.37993360997807,20,2,Excellent
-68.0367456796973,16.036811002982734,20,2,Fair
-43.608831945559324,26.326358748547566,40,2,Good
-43.22299185923559,32.05210781236639,40,2,Excellent
-65.53588241707995,16.215541323983953,20,2,Fair
-54.310169208147244,26.29297332346758,40,1,Good
-43.71603376871462,31.565408762574585,40,2,Excellent
-63.79127740987487,25.087495253350752,40,1,Good
-62.035803601023616,45.078821389667375,40,0,Good
-65.81680913948644,13.319805187852634,40,2,Fair
-70.14756730692866,32.411099709187155,40,0,Fair
-66.49277545066008,23.79038783822475,80,1,Fair
-72.23940266762257,30.403441083856727,20,1,Fair
-59.65916531740774,28.08915006189472,40,0,Good
-67.69973231058641,19.867906620230023,20,2,Fair
-57.66214088209252,26.60297474721538,80,2,Good
-75.55895646203628,11.99468984021199,40,0,Poor
-56.69119767785543,29.222732503999758,20,0,Good
-51.66471038391075,27.08710926193368,40,0,Good
-79.93735642571455,29.470621180501716,40,2,Poor
-56.25943430152428,32.40682827561005,40,2,Good
-47.72331007526708,27.573338881467976,40,2,Good
-72.09641018691205,26.03662593858793,40,0,Fair
-43.27427613162297,18.832521643370953,40,2,Fair
-55.809809906339545,20.014454654456642,40,1,Good
-67.05011855758409,33.30714234124132,80,0,Fair
-60.55769077657706,35.05434783994185,80,2,Good
-54.41673087478278,23.33322694581562,40,0,Good
-59.239946085875886,25.32201923077292,40,1,Good
-54.612440075536306,18.667699375043636,80,1,Fair
-69.20673593079366,33.20929791687212,80,0,Fair
-58.30639175963922,29.657917765842452,80,0,Good
-74.1371449690498,38.588522055246244,40,1,Fair
-61.112260613487,18.851738459741828,20,0,Fair
-69.0390764146479,22.35394470687248,20,1,Fair
-67.35529942589767,26.620121457679005,20,1,Fair
-47.63906824789563,29.525426764080393,20,2,Good
-49.08689879405731,23.490326537166574,40,0,Good
-53.90861879092823,18.8892723668241,20,0,Fair
-70.92312764672579,31.169852702464997,80,2,Fair
-63.16408449694802,30.04794753781907,80,1,Good
-47.869023000208166,18.586081296053926,20,0,Fair
-58.582830863600954,34.48809960773847,80,2,Good
-36.80670460018306,33.191390964376225,40,2,Excellent
-56.06682160605628,25.94007548073455,20,0,Good
-58.07950883509968,25.557185036632255,20,2,Good
-63.091164642025014,28.87840439781135,40,1,Good
-58.66459095217718,18.968078508206194,80,2,Fair
-61.524698363805435,25.210220354148575,40,1,Good
-52.9189132331141,9.933315187735737,40,1,Poor
-50.43297683205416,31.135189518520548,80,0,Excellent
-67.85989460507949,14.069547442906984,40,2,Fair
-73.31232953557777,35.52393879900299,80,1,Fair
-78.36205373103297,22.68915934223485,80,1,Poor
-54.920086730874566,23.518331126481762,40,2,Good
-71.03366606173874,20.605862657408462,80,1,Fair
-81.52890592952483,22.983727882545466,40,2,Poor
-56.114213954690356,34.92971941603626,80,0,Good
-35.07000482567209,7.585339404254444,20,1,Poor
-60.060709115398936,33.938757702617316,80,1,Good
-51.61509225548358,27.366164367711956,80,2,Good
-59.18170641452435,16.55084846499949,40,2,Fair
-60.98889653191143,17.472813248655335,80,2,Fair
-50.809235170122314,36.73475119045742,20,2,Excellent
-62.902745441886516,18.38145184040088,20,1,Fair
-57.326076859280974,16.92654642582828,80,0,Fair
-56.783021938039866,32.961201796553105,80,0,Good
-66.68090453643049,27.3698701340014,20,0,Fair
-50.07957650463477,18.43452096424521,40,0,Fair
-61.74959756695409,26.516374827832333,20,2,Good
-67.55745159492845,17.819731214518058,20,1,Fair
-54.634901564295966,32.70574978895824,80,1,Excellent
-68.98467981791038,32.429596754111934,80,1,Fair
-59.718188426308714,28.7240433917536,20,2,Good
-60.09118996644204,27.531627428729117,40,1,Good
-49.14104434168422,37.32831687407162,20,2,Excellent
-55.253017671200475,24.99780429171758,20,1,Good
-60.25026958745144,16.72688112205439,40,0,Fair
-51.82233700799713,28.146317389826148,20,2,Good
-46.09792450982687,39.602329346759795,20,1,Excellent
-54.421896936481374,17.896683547699034,80,0,Fair
-59.896473801566195,22.4697606331421,40,0,Good
-73.1183623235016,27.915122266710167,80,0,Fair
-70.65113663075373,24.622666056959826,80,2,Fair
-63.05224704354668,18.123874937358796,40,2,Fair
-66.09512202159283,32.8530049936133,40,1,Fair
-61.86971302985446,41.24028505412082,20,0,Good
-59.43350075102893,26.37292021316735,80,1,Good
-54.70307245643269,18.671521971847994,40,1,Fair
-60.70498778059091,14.157276324625675,80,0,Fair
-55.13498356173798,26.805831868548267,80,1,Good
-59.3552558518988,32.72714140321381,40,2,Good
-79.75466566353872,28.32617422546767,20,1,Poor
-69.39335393818754,24.98317311356802,80,0,Fair
-61.44087555721615,20.875098437474858,40,2,Good
-72.09694742841107,17.354854570973373,20,2,Fair
-54.00071270003796,30.843259284274176,80,1,Excellent
-44.69249167656302,31.3964013496991,40,1,Excellent
-47.81238148302683,14.179891493164869,80,2,Fair
-62.13442870930208,36.12887284726479,40,1,Good
-45.09273863150048,29.01849854625801,40,0,Good
-58.513325427978884,34.797162516020556,80,1,Good
-63.370859711180394,15.605105760604195,80,1,Fair
-66.1340266354094,15.439230912091928,40,2,Fair
-63.024696864881285,23.95721483162892,20,1,Good
-63.88176818541229,28.51949098826636,80,1,Good
-58.29583777624512,37.57452576048875,40,1,Good
-58.39426018950135,29.94255239670592,40,0,Good
-59.96953979846585,23.301231062315768,20,1,Good
-55.630618302536504,17.815415546338755,20,0,Fair
-48.093537252136585,33.61000400903405,20,0,Excellent
-50.504458645586766,18.247062019744995,80,0,Fair
-74.84897968449903,36.39927988340625,40,0,Fair
-85.53921134901955,23.009307452754435,40,2,Poor
-50.65680088760726,36.13407450832496,40,0,Excellent
-73.66878698415421,29.75251903041495,20,1,Fair
-62.24765401892684,24.041031573902792,40,0,Good
-71.7011302605936,21.364225397217112,80,1,Fair
-78.01980437580019,22.61364485857744,20,0,Poor
-54.58537271795212,27.99821684662666,20,2,Good
-52.40844839697353,25.540095473524016,20,0,Good
-65.7651040072672,20.843320143519065,20,0,Fair
-85.9104229214491,23.840580127776576,80,2,Poor
-65.46244448252483,25.55003920803405,40,0,Fair
-56.08195994597453,10.098861339096315,80,1,Fair
-74.78911568774129,28.20717680352089,40,0,Fair
-58.16640080220844,18.141951426982352,80,0,Fair
-60.153098491729956,16.926673177559785,20,0,Fair
-54.207085003989114,13.188589570225027,20,2,Fair
-58.80419631585847,12.442752514924768,80,0,Fair
-69.73068940881555,15.511867478213976,80,0,Fair
-48.034284983355086,20.036853296586568,40,1,Good
-61.5852957302697,38.67281396268598,80,0,Good
-60.27304539509932,21.318842268733572,80,0,Good
-69.33267959073196,26.24425074387622,40,0,Fair
-64.4328225119151,27.803369705544302,40,0,Good
-68.84802714026901,25.917456303510942,40,1,Fair
-61.72946059923423,24.457895774918043,80,1,Good
-42.88291519857656,16.63294365480529,40,2,Fair
-73.71901142931357,35.15649283795448,20,0,Fair
-76.13561397876741,37.650376505465196,20,2,Poor
-45.288296725063915,13.2213891411412,20,2,Fair
-62.09323677151866,17.831799863795343,80,0,Fair
-66.69072738659916,23.04132760336096,20,1,Fair
-49.60095312603924,18.24823543562866,80,1,Fair
-66.05615539736864,28.541758874191057,80,0,Fair
-41.739902864530634,19.90209458315371,20,0,Fair
-53.22074128660731,40.15539247464622,40,1,Excellent
-64.87911408145703,33.333840160405174,80,0,Good
-38.42691786734497,26.488018214425505,20,0,Good
-66.05714923003339,32.18890384323812,80,0,Fair
-52.57904627990693,32.74130297050116,40,1,Excellent
-57.00707419593508,21.052367583592297,40,2,Good
-46.98258710601202,19.286479288206248,20,2,Fair
-44.384888032731475,25.547001440787533,80,0,Good
-59.679958509342335,31.03145287148561,80,1,Good
-67.53417870346183,25.973422790573924,80,0,Fair
-55.40027857060883,13.96102462466302,80,1,Fair
-66.77715369752106,19.380228892344103,20,0,Fair
-39.86612752473377,24.482189954839352,40,1,Good
-58.63464668917263,24.47034076971919,20,1,Good
-63.65321551312109,38.80779523752866,80,2,Good
-58.15319694135091,15.298084403207014,80,0,Fair
-73.47126289529696,28.53912469285112,40,2,Fair
-69.71614038510651,35.42379175829803,80,2,Fair
-47.99586092055575,40.90014821795957,20,1,Excellent
-66.56894278971396,22.16921803771227,20,0,Fair
-70.46910982681939,28.440006169041396,40,1,Fair
-54.633472474727135,28.988322500390527,20,1,Good
-48.14295845337003,26.368372120873037,20,1,Good
-52.810466893349336,24.30808359132486,20,0,Good
-50.039523141941835,28.05182772650032,20,0,Good
-67.56795088569461,7.274277403462203,80,1,Poor
-74.21810666741844,29.77448643043842,20,0,Fair
-44.98666348044513,25.88324532563377,40,1,Good
-63.22679838842136,23.442675722552142,40,0,Good
-62.50833016455047,39.32803537003691,20,0,Good
-46.71805858150942,20.275461868466135,40,2,Good
-54.4376999059934,22.178468076544785,20,1,Good
-55.44112227918392,38.940873115433135,40,2,Good
-38.34997655098916,19.175570866051004,40,2,Fair
-66.43518230380143,21.149193019444226,20,1,Fair
-50.721598719187625,23.97082203598405,20,1,Good
-59.429868751029154,30.885141374906844,80,0,Good
-57.314077211367426,26.454617551473195,20,1,Good
-44.71531573587468,15.951622569934162,20,2,Fair
-54.92164243710376,21.274820058109672,80,2,Good
-54.61703920950367,20.74851896751452,20,1,Good
-49.27492662690198,24.45945268343868,20,2,Good
-63.649527295428854,27.980905610408804,80,0,Good
-68.39209667339006,27.927440291215806,20,2,Fair
-70.44809194021033,12.567917721661185,20,0,Fair
-79.66356589376002,32.44758691292599,80,2,Poor
-39.43792870059678,26.767981921976364,80,0,Good
-71.03208365721683,34.691724333157346,40,0,Fair
-62.21253623585772,28.109388291034705,20,1,Good
-62.76813299888921,32.70926070415034,40,0,Good
-56.925933021908996,28.26581718015089,40,1,Good
-51.84262787460703,34.423580293419235,80,2,Excellent
-51.39526511640255,28.655754452124448,20,2,Good
-65.83077438568938,24.31459327489967,20,2,Fair
-61.67121713786411,40.90704304312817,80,0,Good
-57.174200495117006,31.223259855959245,40,2,Good
-62.48691126183547,29.016210947030892,80,2,Good
-43.92654423980007,16.06586908423165,20,1,Fair
-55.09025048361749,15.981846677755236,80,1,Fair
-52.651222139501826,27.049008374992972,20,2,Good
-53.371187313325876,26.018648384377684,40,2,Good
-48.26526142514675,20.701142044941786,20,0,Good
-58.18978441296293,25.98687889728442,40,0,Good
-72.96831947955846,36.12038849630517,40,2,Fair
-56.003120482473584,29.86781732185209,20,1,Good
-66.5135689379183,17.012940431730833,20,2,Fair
-65.28616681749757,24.219438209999392,40,0,Fair
-54.136359812449065,19.365234634032074,80,1,Fair
-47.61716928566364,22.286100585140073,20,1,Good
-59.78728423263939,22.1046903405925,40,0,Good
-56.911669874010364,21.656480921771962,40,2,Good
-42.97785055364762,16.214052396186236,80,2,Fair
-57.592468205114315,24.10641722937267,20,2,Good
-33.98316885819605,21.07574654206883,40,0,Good
-54.34490354368456,4.493859169984123,80,1,Poor
-77.60762759155817,39.370804171511644,40,0,Poor
-52.46658378895467,32.62138757951671,20,2,Excellent
-56.18841615117222,22.365894925525026,80,0,Good
-47.10247245917254,25.131733348184188,40,1,Good
-53.26818648730041,16.798419568777067,80,0,Fair
-61.384559839837735,36.87006014467606,20,2,Good
-72.24298236289366,38.28102086341178,80,1,Fair
-62.09023257286025,26.096856097725674,20,0,Good
-68.505204542093,32.16471450929741,40,0,Fair
-65.80523449804723,26.227007452537467,20,1,Fair
-54.1142159557939,15.642921927868485,40,1,Fair
-43.30095495648594,22.1172364172544,40,2,Good
-56.05328470177019,25.9234957674037,20,1,Good
-71.95883062035185,21.818165968795892,40,2,Fair
-55.553973317798594,23.469427057954746,80,0,Good
-48.033685133543486,24.360203097436194,40,2,Good
-66.09782904319383,24.433850514941767,20,0,Fair
-61.34017166672918,25.365809433482383,80,1,Good
-59.85311805270803,17.575764535223794,80,0,Fair
-67.8489831308224,19.980886956104445,40,1,Fair
-53.51719566156141,16.007910140100215,40,0,Fair
-61.20948148607781,31.844708847803403,20,0,Good
-55.804675560929724,10.260471407117729,80,0,Fair
-68.874921778021,33.07513240321848,20,0,Fair
-64.37458300323411,34.704445780839905,40,2,Good
-52.77618642172229,22.88473589112165,80,0,Good
-63.72833152091767,6.77804038520891,20,2,Poor
-42.730361487665945,22.470826066228966,20,1,Good
-63.996361856146024,24.550710870978264,20,1,Good
-57.75315274248114,17.925812460497603,20,2,Fair
-50.674091681269104,21.3934712433423,20,1,Good
-74.18365732933032,35.71136639204346,80,1,Fair
-77.60808811980776,29.654490136112187,20,0,Poor
-75.25656314570095,18.528051199353303,80,0,Poor
-47.37415896572818,13.816805812831976,20,0,Fair
-65.51858145892447,22.710878776731604,40,2,Fair
-34.418007143317475,23.505802544546935,40,2,Good
-65.64247598657388,28.473394311543213,20,1,Fair
-58.15448696802963,21.252783012026388,40,0,Good
-44.578900474321244,28.580497027533028,80,2,Good
-39.93907111840877,38.546078280421604,20,2,Excellent
-39.38496423363602,30.70850715710984,80,0,Excellent
-47.916337694068574,24.663380448684592,20,2,Good
-49.759374741885374,23.717946702626936,40,0,Good
-54.07473050798817,22.5032880607409,80,1,Good
-52.21638923833362,33.26448638716501,40,1,Excellent
-65.51185716328533,20.60880587834088,40,1,Fair
-68.18198883422308,25.316558962999878,20,0,Fair
-60.03374457410952,25.3583853131676,80,2,Good
-61.701846225249284,21.487510650319276,40,1,Good
-64.53228049327275,15.392741164811293,20,1,Fair
-53.036125525432844,27.26082152532368,20,1,Good
-50.44694791429489,24.572972197012316,20,2,Good
-59.115931137081525,28.50168328605599,40,2,Good
-45.224699189447385,21.26479785492583,20,0,Good
-71.41689114133506,33.545749091691334,80,1,Fair
-61.93659459279718,18.862583531517085,80,2,Fair
-67.16822320602805,36.98428198812525,40,0,Fair
-78.6653661707306,12.766544431202169,80,1,Poor
-60.82680685842699,28.043390451898237,20,2,Good
-61.21747508383284,28.328014777686363,40,2,Good
-44.86550256757869,19.431100524413825,20,0,Fair
-53.69188315445223,27.97075756502709,40,1,Good
-70.24186824329205,33.95663068832111,40,1,Fair
-41.45907433665812,9.48226812452155,20,2,Poor
-47.78966304474647,28.519213652435702,80,1,Good
-54.17902296531384,7.547104257689457,80,0,Poor
-62.26484098849832,18.240346375337545,40,2,Fair
-69.59439236723479,36.40416455430662,20,2,Fair
-63.72206776071053,20.92752576625562,20,0,Good
-49.11251380295814,16.78284024913719,40,2,Fair
-41.15413694065391,23.614435897107228,80,1,Good
-44.56756471727811,39.475344367144864,20,1,Excellent
-64.88849421786274,12.178224269557816,80,2,Fair
-71.19617433289011,17.64083061852459,80,0,Fair
-58.59113753088796,35.482021782257384,40,0,Good
-77.68439365562851,38.00391640476413,40,1,Poor
-56.76832285815219,24.275981429968013,80,0,Good
-61.47602586298669,16.326631082313504,20,2,Fair
-64.66036501868243,39.670904512664116,20,2,Good
-75.94703067266795,36.161096742244375,40,1,Poor
-54.863998934302835,29.75262891433563,80,1,Good
-65.32700839661912,19.31318355743806,20,1,Fair
-71.69916835710288,24.656794614133744,20,0,Fair
-88.7226221328165,23.87747943268619,40,2,Poor
-60.275149050506364,27.315959132309043,80,2,Good
-42.27748403330256,35.15701006691935,20,2,Excellent
-43.3874078545213,31.155919287961822,40,1,Excellent
-64.57096256586271,17.458367461106693,20,2,Fair
-66.02212060361781,34.63547515013676,20,0,Fair
-55.31225743924976,27.191924980092086,20,0,Good
-69.98385439188291,29.809460571012412,40,2,Fair
-56.98208100180534,35.26578601495022,80,1,Good
-52.339197216153096,17.218938253405142,40,2,Fair
-47.73066776115692,24.74922094905476,80,0,Good
-61.00154076479953,21.279818140485496,20,0,Good
-62.03673750176966,14.024984022441808,80,0,Fair
-68.7798258675656,27.42696984323444,20,2,Fair
-68.2688035403986,42.580895861090966,20,0,Fair
-62.26478891901527,12.11945578845973,40,1,Fair
-56.32634493183822,24.774035722653707,20,2,Good
-50.86415373766751,29.483800545523415,40,2,Good
-68.03178950680345,25.861547411593268,80,0,Fair
-45.07311431040478,24.208103632389818,80,0,Good
-62.71123601042569,15.90548545587923,20,1,Fair
-60.21367294348436,26.629507200581145,40,2,Good
-67.47211679147823,19.702652160888515,20,0,Fair
-84.24240260272941,9.670548065150127,40,1,Poor
-51.1595460363895,33.362145543596114,40,0,Excellent
-52.63156102907567,31.708700738894297,40,2,Excellent
-62.81327557118213,25.36162683795756,80,0,Good
-59.33009282775128,26.60352281743992,40,2,Good
-54.84060782295901,32.52022608900893,80,0,Excellent
-75.62545856886543,26.57037759744658,40,2,Poor
-65.29052677346294,31.3281228833292,80,1,Fair
-52.05735320378173,22.917624593883048,80,2,Good
-72.5428942316925,34.18388617001763,80,1,Fair
-57.064420678333704,27.24550008152879,20,2,Good
-73.56581804623406,26.358363605241117,40,1,Fair
-55.33570017566473,16.109572379015777,20,0,Fair
-60.356414822974834,27.00869098011196,40,2,Good
-76.1513181590551,19.17631557753884,40,0,Poor
-48.35260645542829,20.532020914300542,20,1,Good
-67.34591576798049,19.29237060178715,80,2,Fair
-68.10252437014381,17.536355476705424,40,2,Fair
-57.99430802769057,39.87339982111873,80,0,Good
-48.51362650571285,34.31937343391882,20,2,Excellent
-70.15821818978397,38.44257251500983,80,2,Fair
-59.38320150152028,16.439734863111052,40,0,Fair
-55.71183499669427,25.49877624937625,40,2,Good
-53.06894392736856,15.94544662357133,40,0,Fair
-58.23558444722775,20.13013585962055,20,0,Good
-63.670278390833225,18.573111116083975,40,0,Fair
-68.2759022064872,33.67708804509093,20,0,Fair
-59.13856116953625,22.22639225328768,80,0,Good
-70.72139011985607,32.478655335858114,40,1,Fair
-89.21350483494608,29.228846227119625,40,1,Poor
-55.634401958423325,41.12547126473352,40,0,Good
-50.960651589138045,14.643890438021932,80,1,Fair
-83.62932435541839,33.81463267850759,40,1,Poor
-70.09730704709938,33.0250860928051,20,2,Fair
-53.808457389948025,18.186348133810757,80,0,Fair
-39.425045302883014,32.04993335531212,80,1,Excellent
-59.79206292324592,27.353014741183603,80,2,Good
-67.28002941229134,23.407666180326146,80,2,Fair
-61.8289644110484,19.232451591196,80,0,Fair
-46.25123580851815,19.966233839855697,20,0,Fair
-66.45964179124535,39.348684670501484,80,2,Fair
-67.99192006650253,25.004779732702378,40,0,Fair
-64.82743522182032,30.474910010720215,80,0,Good
-69.53328608258713,19.46370432832713,80,2,Fair
-58.77329684005205,19.541029376448527,80,2,Fair
-43.753215415304396,32.5738936647496,80,0,Excellent
-56.76920726883971,15.552966519139275,80,1,Fair
-62.52353502126287,22.0935036246631,20,0,Good
-62.91811268915544,25.238191877505624,20,1,Good
-75.63190808696658,25.779608212880365,80,2,Poor
-51.16890222852841,23.746347004886907,20,1,Good
-60.77837197012802,27.770738467671464,40,2,Good
-61.80479913590626,29.84999029072468,80,0,Good
-28.068924321551393,30.14246281821531,40,0,Excellent
-57.01247091634314,18.09937333932521,40,2,Fair
-67.51791050095184,23.010914314498418,80,2,Fair
-64.26357596205543,33.36334003313856,40,2,Good
-48.51554290803245,31.262530313017105,40,0,Excellent
-58.86729589462236,15.389983839632553,40,0,Fair
-74.38277978317366,27.460359302465413,80,1,Fair
-50.80771065424796,11.152423254376329,80,2,Fair
-66.68144085538994,25.328544314422587,40,1,Fair
-41.26702223782454,38.28436911722184,80,0,Excellent
-49.19951934285351,18.364750979117098,80,1,Fair
-64.47321895658752,19.159738681558924,40,1,Fair
-47.18983638264887,30.348208471010018,80,0,Excellent
-59.321444894725964,14.200389393532479,20,0,Fair
-51.4722632487778,20.570714790804725,80,2,Good
-55.15267182705525,29.17508796307227,20,1,Good
-68.46356654990873,20.55999906617418,40,0,Fair
-66.43549832317461,23.3482100895232,80,0,Fair
-49.70039182418839,30.20929997220524,40,1,Excellent
-63.34775332106541,27.95082258475593,40,0,Good
-64.03648463241997,26.867728774067814,40,2,Good
-69.55122579349353,22.626144045109726,40,2,Fair
-55.76400934406539,27.59042780688269,40,1,Good
-39.37475080756855,24.133871239301705,80,2,Good
-70.67532914254272,28.204639269480495,20,0,Fair
-59.75780543327242,21.521475824174154,80,0,Good
-45.87779444584571,23.72201717934321,80,0,Good
-60.796413912457155,18.070295452135902,80,0,Fair
-55.476282037502656,24.754946729956348,80,1,Good
-70.6239352814688,19.322993954598086,20,2,Fair
-55.71692902792351,17.20167484886605,80,2,Fair
-61.87144265004549,26.810628034987715,40,0,Good
-50.14270004320137,26.489178431003623,80,1,Good
-48.12613948435249,30.480116144640007,80,0,Excellent
-34.104363579813864,21.982121012974307,20,0,Good
-54.203668267864245,27.85636992785729,20,1,Good
-56.742036834178336,28.855583005915644,40,1,Good
-58.05615698422664,28.11341665482116,80,0,Good
-63.53166292810688,19.220424220385006,80,2,Fair
-56.61516156538309,26.045544375898324,80,0,Good
-62.95401410139029,27.54898207238263,40,2,Good
-58.31539023730386,25.050249268355593,20,2,Good
-46.8240246439204,10.394656391402407,40,1,Fair
-70.0654256527964,26.12342736781436,80,1,Fair
-48.60121438870954,40.487717275780696,20,0,Excellent
-46.82884932660135,22.479725118701122,20,2,Good
-61.18068526991079,19.90346031501275,40,2,Fair
-81.21854899008595,27.613439917979786,20,0,Poor
-66.07821987094432,27.186647473266003,20,0,Fair
-47.03005453438891,33.3491461579149,80,0,Excellent
-60.22868062298882,16.194922908637785,80,1,Fair
-69.9930223229491,30.119661768024947,20,0,Fair
-65.04774921228217,29.132954428760243,20,0,Fair
-51.59379973495447,24.00497424141618,40,2,Good
-54.53266431798621,27.370811225451828,40,0,Good
-62.38932099169695,32.2062023711885,20,2,Good
-63.66824411814688,31.106207660199154,80,2,Good
-63.91758149043822,16.9988648154839,20,1,Fair
-69.22410184498503,30.74110730728839,20,0,Fair
-43.84624310530558,24.547179764772377,80,0,Good
-63.2232046921134,25.5101186861086,80,2,Good
-47.82841479174503,25.51237893701186,40,1,Good
-44.786839480775484,23.948299078412184,40,1,Good
-50.0168910185204,33.34195247974945,40,0,Excellent
-64.31620312718049,24.413974281055516,40,2,Good
-55.962699096633905,17.16317710131782,80,0,Fair
-60.241956063909164,22.245291008211897,20,0,Good
-69.03701860730128,26.25086301767333,40,0,Fair
-56.75640718278397,33.60450349007935,40,0,Good
-71.79039791159802,29.221662794641833,80,2,Fair
-48.12320611538436,19.046253048770694,80,1,Fair
-64.64617297298393,42.39632941675224,20,0,Good
-57.98840344127161,26.85342717684586,20,0,Good
-57.16712128453858,33.927735165993106,80,0,Good
-62.589049737040774,23.937998964959394,40,0,Good
-54.13306198524725,28.733514712938145,40,1,Good
-64.74903656622524,30.876279531628832,40,1,Good
-51.287027025427555,33.52736298227979,20,1,Excellent
-73.45979680246748,32.401578137647576,40,1,Fair
-58.73620420453588,31.105379000510844,40,0,Good
-40.610710009417154,22.79439288164124,80,2,Good
-70.00331324605575,20.99777770630757,40,1,Fair
-66.77744970524851,27.328252572269385,80,1,Fair
-54.86092150341085,31.531896506387486,40,0,Excellent
-58.20418218060402,23.44095509456375,20,0,Good
-56.49369900726441,32.456203760000705,40,0,Good
-55.108128698523366,35.16831721840325,40,0,Good
-53.6527853143823,18.585753566486062,80,2,Fair
-48.90300158043777,19.14155507342604,80,2,Fair
-55.901813430714874,24.017374587662644,80,1,Good
-62.41257654618543,27.153288677324372,40,2,Good
-53.27426298797269,21.328030903630644,40,1,Good
-41.001180651047854,34.46541875207001,20,1,Excellent
-61.32633746382574,27.968468030629158,40,2,Good
-69.74529304670641,25.276129337685177,20,1,Fair
-48.92919330713027,14.94863333292031,80,0,Fair
-61.203811639535985,15.789289285007452,80,1,Fair
-81.72669546014036,26.967064751972643,80,0,Poor
-51.52578322849578,10.071830616916147,20,2,Fair
-65.35328185953922,32.0884618675085,40,2,Fair
-60.905332823041604,23.892923089393758,80,1,Good
-56.68019669430985,47.701650787163125,40,0,Good
-58.095003202209334,41.15541375431277,40,1,Good
-52.9054818286096,23.729856515267382,80,2,Good
-64.35486370569843,24.255640982280795,20,1,Good
-54.868942018239174,31.96907059801421,40,1,Excellent
-62.59546677583917,36.922208269426264,80,0,Good
-52.61189519112497,13.533796597947882,40,2,Fair
-53.846325159869465,12.495371742517193,40,1,Fair
-69.35438702044596,20.64575636111933,40,0,Fair
-49.14017883824968,29.07916308221705,40,1,Good
-65.35963445114048,28.478115133553178,40,0,Fair
-51.91942201718855,32.48840018488695,20,0,Excellent
-56.32712686598659,16.602117301442842,20,1,Fair
-41.61816323204878,8.786992959217864,80,2,Poor
-62.23465982371852,31.006099367115016,20,2,Good
-63.493167961181975,19.20262608924336,20,0,Fair
-60.194196058877324,10.870584949279534,20,2,Fair
-63.031797828342754,26.01544622171567,40,0,Good
-52.0005809805795,30.55222981753074,40,2,Excellent
-76.16310608436588,24.14560007515106,80,1,Poor
-70.53682419146354,21.795061296722576,80,2,Fair
-70.67802921579194,23.884464374978656,80,0,Fair
-50.49692408026424,22.40592066319452,40,0,Good
-42.893866274180745,15.56367021641883,20,2,Fair
-61.044492185374715,19.997235261066976,20,1,Fair
-61.688217231900104,28.648959335096702,40,0,Good
-59.299478368868186,27.2517497896355,80,0,Good
-48.3812169739181,26.176418641767743,80,0,Good
-69.27353134190574,18.033960627026342,80,0,Fair
-57.61631017265215,23.72947786505033,40,0,Good
-50.24802370217571,9.760544674900018,80,1,Poor
-54.98905830060155,26.24933664719773,80,2,Good
-58.10418383401257,35.00200395469497,40,1,Good
-49.98953907432859,14.68107507570526,20,1,Fair
-87.03232292999238,20.898506286775714,40,0,Poor
-53.22124680469092,27.303747450970906,40,1,Good
-66.54075683127424,33.769898440992385,40,0,Fair
-78.30632896856457,21.862427685898954,40,1,Poor
-54.88797400475019,20.154247695138725,20,0,Good
-46.26341454837042,11.217538003087418,80,0,Fair
-61.37448514627692,25.724066905156743,40,1,Good
-50.471254527970615,39.29453228100621,20,1,Excellent
-43.877217420113546,26.941509233752733,80,2,Good
-46.85085546415953,24.844047145714008,80,2,Good
-43.60035470628607,27.254576175368896,80,2,Good
-52.57872508928108,24.922355972359785,40,1,Good
-59.245663610984074,19.30889939417909,40,1,Fair
-76.01965811897169,30.76295940974394,80,0,Poor
-62.46062488129949,26.58033066178228,80,2,Good
-68.43246595316191,25.123292763535602,80,0,Fair
-38.29057282502186,18.17243780905225,80,0,Fair
-61.75885812432337,34.124555523543314,80,0,Good
-58.76795193215514,29.65291921733177,80,0,Good
-54.48514623959532,21.129554138428887,20,2,Good
-59.563975536275464,32.01277397577356,80,0,Good
-43.04948959569247,21.51700413130355,40,1,Good
-66.22649361734452,19.525975552422743,40,1,Fair
-58.05392544762757,19.68207817763799,40,1,Fair
-67.42470585698048,12.602520128383361,80,2,Fair
-73.20022511220706,28.30079666292744,40,0,Fair
-66.11769090905285,12.181985851631548,20,2,Fair
-60.37036797048412,16.40089318113966,80,0,Fair
-64.2930222451726,10.470883936450267,40,2,Fair
-66.92420979873856,24.397512150463747,20,2,Fair
-74.06317463671834,23.947756778096895,20,0,Fair
-60.83105572628695,22.713126507695453,40,2,Good
-75.04720374031002,17.701956137305967,20,0,Poor
-52.39944036310398,16.79436372594352,40,1,Fair
-59.175602470654965,28.250589044826018,20,1,Good
-74.57551499464931,21.146136478040585,80,1,Fair
-63.092090770498636,27.214508250753013,80,2,Good
-67.52156405590583,18.803259197130444,80,1,Fair
-56.8082548958082,26.267439199397575,80,0,Good
-46.59549553976856,34.12294626121245,80,1,Excellent
-78.75172469645744,29.103160602749483,40,1,Poor
-58.849739208525826,22.113103272484636,80,2,Good
-61.601327955666406,26.800392792491493,80,0,Good
-53.286599235495345,23.315343778288508,80,2,Good
-57.868033717623106,25.055161292863097,80,2,Good
-67.51969331738819,22.72072263496047,20,0,Fair
-63.19053935666618,23.84965355880226,80,2,Good
-67.96025856803489,26.48465347151923,80,0,Fair
-49.23992861401402,18.046489102926344,40,1,Fair
-59.78688351328058,17.88884821107015,20,0,Fair
-40.98809314246993,15.280202123181523,40,0,Fair
-60.60660813814621,13.79810226847403,80,0,Fair
-67.08406766910463,16.479021154456646,40,2,Fair
-75.13714392612827,26.116237547628906,40,0,Poor
-78.03139676255945,18.75048739155681,80,0,Poor
-75.8413594300549,28.595301249617673,20,0,Poor
-57.32873348988517,25.24299624126793,20,1,Good
-54.91274976770066,11.220470505933624,40,0,Fair
-75.81190702032133,29.584829089551828,80,2,Poor
-51.049616859238846,30.67559051914197,40,0,Excellent
-64.8306105168344,18.042961276156028,40,0,Fair
-58.532069880144505,27.941340800264943,40,1,Good
-43.877793717445755,19.00451233813561,80,0,Fair
-51.03160684134468,25.683692637238348,80,2,Good
-62.685306479058326,16.14851115131524,20,0,Fair
-68.91192225415287,12.448254832257962,80,2,Fair
-81.51815401329304,22.32027967270922,40,1,Poor
-67.1915331924242,24.133897376076145,40,0,Fair
-62.11130238827695,22.216242144697773,20,1,Good
-69.87179527151184,16.711786092442082,80,0,Fair
-61.31256967092305,22.20070656508204,40,2,Good
-59.231481170412316,26.88506326806514,20,1,Good
-62.248559818080786,24.68574878914224,20,0,Good
-66.5000258082346,26.277507214194493,40,2,Fair
-58.31345328033272,20.309193596820368,40,1,Good
-55.58059350430591,33.20202540301312,80,0,Good
-70.90399077442846,16.766786644116536,20,1,Fair
-45.8906762025373,28.41292207960703,40,0,Good
-60.985881322842616,33.27323765071973,20,2,Good
-59.811503770551525,28.366356649242267,80,2,Good
-52.917855767434425,23.58233041054619,40,1,Good
-57.667838687364984,21.30192067335915,80,1,Good
-50.468633660867546,32.25261355732379,20,0,Excellent
-57.12875834798176,15.03917552316829,80,2,Fair
-66.12437374640437,18.209130177342495,80,0,Fair
-56.38496474793898,22.21709564155795,20,2,Good
-71.43726207320661,33.663576302583984,80,1,Fair
-58.914402942234766,27.658373452286273,20,0,Good
-60.33229990644461,18.223679690428284,40,0,Fair
-62.081168572725396,22.827846062305674,20,2,Good
-61.28537511438931,20.69973799132594,20,2,Good
-78.81849045497638,20.031477054365254,40,2,Poor
-65.48724907740961,31.852226909897453,20,1,Fair
-59.071550988588854,15.397798095155462,40,0,Fair
-58.401436080025995,36.261465990140614,40,2,Good
-70.27675140925957,30.79760783129236,20,1,Fair
-47.342921591353,32.636031694225885,80,2,Excellent
-68.661748482145,21.759423415823193,80,0,Fair
-50.30542799473263,23.950414966446235,40,2,Good
-55.72805638128315,14.967937298327016,80,0,Fair
-66.46227309843803,21.327363150532378,80,1,Fair
-42.246891073904884,28.455583933502055,20,1,Good
-71.9363683175648,34.07244143246977,40,2,Fair
-50.808458263899986,17.249902282382838,40,0,Fair
-49.994176819570214,22.44145844110314,20,0,Good
-66.70620209076645,23.940905458372345,80,0,Fair
-46.07534699935671,15.229475584652604,40,2,Fair
-62.50046514598953,29.139444692308803,80,0,Good
-57.11306370720143,19.932067677801736,40,0,Fair
-57.396781612287796,23.632267541760832,40,0,Good
-61.34308741470548,21.836354396616855,40,0,Good
-51.89191726840218,19.47463045996228,40,2,Fair
-52.06511279447787,24.950685101636118,80,2,Good
-77.48531973238181,23.490732950023844,80,0,Poor
-46.956597571218474,22.39699482404934,80,0,Good
-76.62491988035674,19.9007686482376,80,1,Poor
-49.67453795658343,27.23667269548069,20,1,Good
-48.73294863172417,36.575320879446,40,0,Excellent
-70.90966430215198,25.97921062987389,40,0,Fair
-64.10814287954585,31.972827504377904,40,1,Good
-71.05704668485936,15.26844652392576,20,1,Fair
-62.149210302887354,26.104330075056385,80,0,Good
-63.080342841857416,17.318421767202533,40,2,Fair
-52.203394677306605,14.66152550727669,80,2,Fair
-46.89691253880391,19.824400147786747,80,0,Fair
-46.043161892100436,33.34329534089501,20,0,Excellent
-65.62168026578303,31.650110800687518,20,1,Fair
-62.09221873744528,26.701033054380797,80,1,Good
-76.8343819222095,14.271096080770484,40,2,Poor
-68.05870066496189,23.626035440284443,40,0,Fair
-50.35148366902543,27.11190006231215,20,1,Good
-43.84417176451768,26.228753607050184,20,2,Good
-72.34348871879922,12.09344491563478,20,2,Fair
-65.92464259152894,18.7677750638609,20,2,Fair
-60.26405756958927,24.551455650958985,20,1,Good
-57.19838841180394,28.75403636662033,20,1,Good
-68.09603519921646,9.627105252300375,20,0,Poor
-55.7593895553591,23.86513217164099,40,0,Good
-64.73839347070916,26.001341389152667,20,2,Good
-60.144522708782794,30.947283919613493,20,2,Good
-54.537157519963,29.850003089662057,40,1,Good
-59.935777301890624,29.077999231661636,40,1,Good
-64.36385890526569,19.40041645308646,80,0,Fair
-61.09609803925831,11.643985040136847,20,0,Fair
-60.88362959205335,22.248630700570192,20,0,Good
-63.70011029882128,32.01142277645992,20,1,Good
-62.58796062667103,34.75418169267102,20,2,Good
-44.01352829495283,29.9738437160845,80,0,Good
-54.39080552058761,28.00538575961214,40,0,Good
-62.954803180291606,27.65747753870176,40,1,Good
-53.030455954892645,21.107168772674537,20,0,Good
-63.3381948975601,24.08957794512466,20,2,Good
-48.26875362413359,36.68348668078432,20,1,Excellent
-56.30357807801906,18.402093959456863,80,0,Fair
-61.07302144004229,36.30345153496896,80,0,Good
-55.522830741897224,22.74580291855559,40,1,Good
-75.70876152068499,34.27802476366555,20,1,Poor
-71.26767468909806,15.152294933517233,20,0,Fair
-71.93925006399056,29.101329408152544,20,2,Fair
-58.570569052362934,19.842609048366647,20,1,Fair
-42.67485000514908,15.093129656530687,80,2,Fair
-37.68699853807368,26.52973829687662,40,0,Good
-53.619488985592426,32.06630252017178,40,2,Excellent
-54.99155525055543,19.085409929845525,80,0,Fair
-78.0105773415274,14.50688827679119,20,0,Poor
-65.42673799734021,24.357086649655315,40,0,Fair
-67.87783751908239,24.387952698559733,40,0,Fair
-66.20847598251116,28.838237392881492,80,2,Fair
-61.681438185847895,31.647161999551418,20,0,Good
-64.72090577697128,24.58409373109254,40,0,Good
-79.79299810375788,37.98852320355984,20,2,Poor
-52.52089743882466,26.569643211747042,40,1,Good
-70.72743025739807,22.575014457951703,80,2,Fair
-57.60753135888851,13.719028486280205,20,2,Fair
-39.259173302500265,23.161383357786825,80,2,Good
-69.19384591586423,22.645291382122046,40,0,Fair
-85.3028752274633,31.722133573970293,80,0,Poor
-62.860042218801105,28.23738536846798,80,0,Good
-48.99040365001429,16.74441614857168,80,1,Fair
-40.41652545779406,26.205780704877263,40,0,Good
-72.29549594452416,29.700718202103374,20,1,Fair
-55.033007767634786,35.69621951571483,80,0,Good
-64.65310456780054,31.212527771898415,20,2,Good
-61.05948354304136,30.325926580180344,40,0,Good
-33.55656652982965,25.420601962306144,20,1,Good
-75.02970328395153,27.718184037964146,80,1,Poor
-57.462603385054265,33.74653430494311,80,0,Good
-55.323068282345666,15.670558217642451,80,2,Fair
-49.142136750606525,22.553924709481308,80,0,Good
-59.02016846529104,19.592018758706313,80,0,Fair
-56.91949460495898,27.65407183108287,80,0,Good
-63.91648567421791,33.61155522955551,40,2,Good
-57.30873058754893,20.821179992952484,40,1,Good
-63.4319227549741,8.267869427713935,40,2,Poor
-53.78428110143949,22.11445478482871,20,1,Good
-63.69610336043634,31.394316124121847,20,1,Good
-56.22899606097813,28.763409320649156,40,1,Good
-60.292628136849785,27.997303734674034,20,2,Good
-48.73949749227832,23.040046886878642,20,0,Good
-60.51393723588486,16.046784846461495,80,0,Fair
-77.73032468206881,28.607060251371273,80,0,Poor
-47.380784992860086,19.160027329757625,20,0,Fair
-69.05732300862618,40.28867713366319,20,0,Fair
-66.5376633864882,28.99355045848161,40,2,Fair
-65.95661294043492,20.935461882122343,20,2,Fair
-46.25561906829183,20.720303268279604,80,2,Good
-81.35674213978696,24.349390553704882,20,2,Poor
-28.622514663400054,23.32348654584775,40,2,Good
-49.43943190933948,32.81783642870968,80,2,Excellent
-57.7676108587084,26.304913188208324,80,2,Good
-60.548940006162866,19.878577827640303,80,0,Fair
-57.14445925142343,38.23308479609048,80,1,Good
-54.788775716206615,25.34515832064156,20,2,Good
-53.54784414049943,30.38187773178228,40,1,Excellent
-54.44395533996551,20.742414447886684,20,2,Good
-59.104193187447514,27.541809394211665,20,2,Good
-61.97338420307326,27.177769938002367,80,0,Good
-61.512732836535115,11.772454955326928,40,1,Fair
-61.94908280352681,39.10692577322448,80,0,Good
-48.662299031329354,34.03451122645783,20,0,Excellent
-54.06443277719138,22.219632786978085,20,1,Good
-89.4038863466428,17.284111816809013,80,0,Poor
-53.44099223470239,27.432931296624865,20,2,Good
-58.05263805281225,25.606883895900776,20,2,Good
-60.18708756445898,27.489682639942608,80,2,Good
-63.88518453088886,26.341041773358626,20,2,Good
-48.75887280013986,28.543686925141483,40,2,Good
-50.524735378771425,35.13113989574265,80,0,Excellent
-67.72877667823609,28.976722435900523,40,0,Fair
-55.92947712875465,17.65241150763041,20,2,Fair
-69.71656734541286,34.53793996898716,20,2,Fair
-73.7961816478893,36.48430194441801,80,0,Fair
-66.26717224589966,47.06439714158459,20,1,Fair
-51.37606527617241,17.135541767322813,80,0,Fair
-50.46874954623913,26.700174092051924,80,0,Good
-54.86914579902707,10.425309077677086,80,0,Fair
-52.74904213152003,28.872044094654463,80,0,Good
-54.83821712885042,21.16259791283259,80,0,Good
-66.41481595222952,38.46412056377467,40,1,Fair
-55.68077455326059,19.577695209869926,80,2,Fair
-51.99590474772317,13.175718734229168,40,2,Fair
-52.457086701864256,21.701153815082364,20,1,Good
-48.11086628525357,11.171585601480038,80,2,Fair
-52.916961527989365,30.25769618155117,20,2,Excellent
-56.48551792458417,10.544418676205757,80,2,Fair
-49.298497616835725,25.199203068282113,40,1,Good
-60.2652125924906,10.455317261006623,40,1,Fair
-68.81874651227719,22.757915368243506,40,2,Fair
-61.63066963943764,36.50364709063174,20,2,Good
-67.44902644806449,27.524535240050565,80,2,Fair
